Workbook

Sheet Dashboard
A1: DASHBOARD MONITORING PIUTANG
A2: ="Posisi per "&TEXT(Catatan!B3,"dd mmm yyyy")&" | Data sintetis (fiktif) Jan-Des 2025" -> Posisi per 31 Dec 2025 | Data sintetis (fiktif) Jan-Des 2025
A3: Indikator | B3: Nilai | D3: Kategori Aging | E3: Sisa Piutang (Rp) | F3: % dari Total | G3: Jumlah Faktur
A4: Total Penjualan (Rp) | B4: =SUM(Piutang!F2:F1751) -> 18552147600 | D4: Belum Jatuh Tempo | E4: =SUMIFS(Piutang!$M$2:$M$1751,Piutang!$P$2:$P$1751,D4) -> 738129100 | F4: =IF($E$9=0,0,E4/$E$9) -> 0.61075625 | G4: =COUNTIFS(Piutang!$P$2:$P$1751,D4,Piutang!$M$2:$M$1751,">0") -> 82
A5: Total Piutang Outstanding (Rp) | B5: =SUM(Piutang!M2:M1751) -> 1208549400 | D5: 1-30 hari | E5: =SUMIFS(Piutang!$M$2:$M$1751,Piutang!$P$2:$P$1751,D5) -> 204807200 | F5: =IF($E$9=0,0,E5/$E$9) -> 0.16946531 | G5: =COUNTIFS(Piutang!$P$2:$P$1751,D5,Piutang!$M$2:$M$1751,">0") -> 26
A6: Piutang Overdue (Rp) | B6: =Aging_Customer!J127 -> 470420300 | D6: 31-60 hari | E6: =SUMIFS(Piutang!$M$2:$M$1751,Piutang!$P$2:$P$1751,D6) -> 91756900 | F6: =IF($E$9=0,0,E6/$E$9) -> 0.075923169 | G6: =COUNTIFS(Piutang!$P$2:$P$1751,D6,Piutang!$M$2:$M$1751,">0") -> 10
A7: % Overdue terhadap Piutang | B7: =IF(B5=0,0,B6/B5) -> 0.38924375 | D7: 61-90 hari | E7: =SUMIFS(Piutang!$M$2:$M$1751,Piutang!$P$2:$P$1751,D7) -> 28989900 | F7: =IF($E$9=0,0,E7/$E$9) -> 0.023987352 | G7: =COUNTIFS(Piutang!$P$2:$P$1751,D7,Piutang!$M$2:$M$1751,">0") -> 5
A8: Piutang 90+ hari (Rp) | B8: =SUMIFS(Piutang!M2:M1751,Piutang!P2:P1751,"90+ hari") -> 144866300 | D8: 90+ hari | E8: =SUMIFS(Piutang!$M$2:$M$1751,Piutang!$P$2:$P$1751,D8) -> 144866300 | F8: =IF($E$9=0,0,E8/$E$9) -> 0.11986792 | G8: =COUNTIFS(Piutang!$P$2:$P$1751,D8,Piutang!$M$2:$M$1751,">0") -> 26
A9: Jumlah Faktur Belum Lunas | B9: =COUNTIF(Piutang!M2:M1751,">0") -> 149 | D9: TOTAL | E9: =SUM(E4:E8) -> 1208549400 | F9: =SUM(F4:F8) -> 1 | G9: =SUM(G4:G8) -> 149
A10: Perkiraan DSO (hari) | B10: =IF(B4=0,0,B5/B4*365) -> 23.77733
A11: Faktur Belum Ditukar | B11: =COUNTIF(Piutang!J2:J1751,"Belum ditukar") -> 9
A14: PIUTANG PER SALESMAN | G14: PENJUALAN VS SISA PIUTANG PER BULAN FAKTUR
A15: Salesman | B15: Total Penjualan (Rp) | C15: Sisa Piutang (Rp) | D15: Overdue (Rp) | E15: % Overdue | G15: Bulan | H15: Penjualan (Rp) | I15: Sisa Piutang (Rp)
A16: SALES A | B16: =SUMIFS(Piutang!$F$2:$F$1751,Piutang!$E$2:$E$1751,A16) -> 3094375500 | C16: =SUMIFS(Piutang!$M$2:$M$1751,Piutang!$E$2:$E$1751,A16) -> 165156700 | D16: =C16-SUMIFS(Piutang!$M$2:$M$1751,Piutang!$E$2:$E$1751,A16,Piutang!$P$2:$P$1751,"Belum Jatuh Tempo") -> 54551000 | E16: =IF(C16=0,0,D16/C16) -> 0.33029844 | G16: 45658 | H16: =SUMIFS(Piutang!$F$2:$F$1751,Piutang!$B$2:$B$1751,">="&G16,Piutang!$B$2:$B$1751,"<"&EDATE(G16,1)) -> 1576054400 | I16: =SUMIFS(Piutang!$M$2:$M$1751,Piutang!$B$2:$B$1751,">="&G16,Piutang!$B$2:$B$1751,"<"&EDATE(G16,1)) -> 9360800
A17: SALES B | B17: =SUMIFS(Piutang!$F$2:$F$1751,Piutang!$E$2:$E$1751,A17) -> 3181979800 | C17: =SUMIFS(Piutang!$M$2:$M$1751,Piutang!$E$2:$E$1751,A17) -> 275669700 | D17: =C17-SUMIFS(Piutang!$M$2:$M$1751,Piutang!$E$2:$E$1751,A17,Piutang!$P$2:$P$1751,"Belum Jatuh Tempo") -> 95769400 | E17: =IF(C17=0,0,D17/C17) -> 0.34740633 | G17: 45689 | H17: =SUMIFS(Piutang!$F$2:$F$1751,Piutang!$B$2:$B$1751,">="&G17,Piutang!$B$2:$B$1751,"<"&EDATE(G17,1)) -> 1525951100 | I17: =SUMIFS(Piutang!$M$2:$M$1751,Piutang!$B$2:$B$1751,">="&G17,Piutang!$B$2:$B$1751,"<"&EDATE(G17,1)) -> 39694000
A18: SALES C | B18: =SUMIFS(Piutang!$F$2:$F$1751,Piutang!$E$2:$E$1751,A18) -> 3637198600 | C18: =SUMIFS(Piutang!$M$2:$M$1751,Piutang!$E$2:$E$1751,A18) -> 259719600 | D18: =C18-SUMIFS(Piutang!$M$2:$M$1751,Piutang!$E$2:$E$1751,A18,Piutang!$P$2:$P$1751,"Belum Jatuh Tempo") -> 111393500 | E18: =IF(C18=0,0,D18/C18) -> 0.42889909 | G18: 45717 | H18: =SUMIFS(Piutang!$F$2:$F$1751,Piutang!$B$2:$B$1751,">="&G18,Piutang!$B$2:$B$1751,"<"&EDATE(G18,1)) -> 1553507600 | I18: =SUMIFS(Piutang!$M$2:$M$1751,Piutang!$B$2:$B$1751,">="&G18,Piutang!$B$2:$B$1751,"<"&EDATE(G18,1)) -> 19677400
A19: SALES D | B19: =SUMIFS(Piutang!$F$2:$F$1751,Piutang!$E$2:$E$1751,A19) -> 4840842700 | C19: =SUMIFS(Piutang!$M$2:$M$1751,Piutang!$E$2:$E$1751,A19) -> 508003400 | D19: =C19-SUMIFS(Piutang!$M$2:$M$1751,Piutang!$E$2:$E$1751,A19,Piutang!$P$2:$P$1751,"Belum Jatuh Tempo") -> 208706400 | E19: =IF(C19=0,0,D19/C19) -> 0.41083662 | G19: 45748 | H19: =SUMIFS(Piutang!$F$2:$F$1751,Piutang!$B$2:$B$1751,">="&G19,Piutang!$B$2:$B$1751,"<"&EDATE(G19,1)) -> 1586180200 | I19: =SUMIFS(Piutang!$M$2:$M$1751,Piutang!$B$2:$B$1751,">="&G19,Piutang!$B$2:$B$1751,"<"&EDATE(G19,1)) -> 6842800
A20: KANTOR | B20: =SUMIFS(Piutang!$F$2:$F$1751,Piutang!$E$2:$E$1751,A20) -> 3797751000 | C20: =SUMIFS(Piutang!$M$2:$M$1751,Piutang!$E$2:$E$1751,A20) -> 0 | D20: =C20-SUMIFS(Piutang!$M$2:$M$1751,Piutang!$E$2:$E$1751,A20,Piutang!$P$2:$P$1751,"Belum Jatuh Tempo") -> 0 | E20: =IF(C20=0,0,D20/C20) -> 0 | G20: 45778 | H20: =SUMIFS(Piutang!$F$2:$F$1751,Piutang!$B$2:$B$1751,">="&G20,Piutang!$B$2:$B$1751,"<"&EDATE(G20,1)) -> 1709855800 | I20: =SUMIFS(Piutang!$M$2:$M$1751,Piutang!$B$2:$B$1751,">="&G20,Piutang!$B$2:$B$1751,"<"&EDATE(G20,1)) -> 34774200
A21: TOTAL | B21: =SUM(B16:B20) -> 18552147600 | C21: =SUM(C16:C20) -> 1208549400 | D21: =SUM(D16:D20) -> 470420300 | E21: =IF(C21=0,0,D21/C21) -> 0.38924375 | G21: 45809 | H21: =SUMIFS(Piutang!$F$2:$F$1751,Piutang!$B$2:$B$1751,">="&G21,Piutang!$B$2:$B$1751,"<"&EDATE(G21,1)) -> 1252767400 | I21: =SUMIFS(Piutang!$M$2:$M$1751,Piutang!$B$2:$B$1751,">="&G21,Piutang!$B$2:$B$1751,"<"&EDATE(G21,1)) -> 8448100
G22: 45839 | H22: =SUMIFS(Piutang!$F$2:$F$1751,Piutang!$B$2:$B$1751,">="&G22,Piutang!$B$2:$B$1751,"<"&EDATE(G22,1)) -> 1466421200 | I22: =SUMIFS(Piutang!$M$2:$M$1751,Piutang!$B$2:$B$1751,">="&G22,Piutang!$B$2:$B$1751,"<"&EDATE(G22,1)) -> 11168300
G23: 45870 | H23: =SUMIFS(Piutang!$F$2:$F$1751,Piutang!$B$2:$B$1751,">="&G23,Piutang!$B$2:$B$1751,"<"&EDATE(G23,1)) -> 1573166300 | I23: =SUMIFS(Piutang!$M$2:$M$1751,Piutang!$B$2:$B$1751,">="&G23,Piutang!$B$2:$B$1751,"<"&EDATE(G23,1)) -> 10663500
A24: TOP 10 CUSTOMER DENGAN PIUTANG OVERDUE TERBESAR | G24: 45901 | H24: =SUMIFS(Piutang!$F$2:$F$1751,Piutang!$B$2:$B$1751,">="&G24,Piutang!$B$2:$B$1751,"<"&EDATE(G24,1)) -> 1622212200 | I24: =SUMIFS(Piutang!$M$2:$M$1751,Piutang!$B$2:$B$1751,">="&G24,Piutang!$B$2:$B$1751,"<"&EDATE(G24,1)) -> 15484200
A25: Peringkat | B25: Nama Customer | C25: Total Piutang (Rp) | D25: Overdue (Rp) | E25: 90+ hari (Rp) | G25: 45931 | H25: =SUMIFS(Piutang!$F$2:$F$1751,Piutang!$B$2:$B$1751,">="&G25,Piutang!$B$2:$B$1751,"<"&EDATE(G25,1)) -> 1625867200 | I25: =SUMIFS(Piutang!$M$2:$M$1751,Piutang!$B$2:$B$1751,">="&G25,Piutang!$B$2:$B$1751,"<"&EDATE(G25,1)) -> 77501600
A26: 1 | B26: =INDEX(Aging_Customer!$B$2:$B$126,MATCH(D26,Aging_Customer!$J$2:$J$126,0)) -> SINAR AUTO BERKAH | C26: =INDEX(Aging_Customer!$D$2:$D$126,MATCH(D26,Aging_Customer!$J$2:$J$126,0)) -> 54601400 | D26: =LARGE(Aging_Customer!$J$2:$J$126,A26) -> 50123700 | E26: =INDEX(Aging_Customer!$I$2:$I$126,MATCH(D26,Aging_Customer!$J$2:$J$126,0)) -> 8448100 | G26: 45962 | H26: =SUMIFS(Piutang!$F$2:$F$1751,Piutang!$B$2:$B$1751,">="&G26,Piutang!$B$2:$B$1751,"<"&EDATE(G26,1)) -> 1411780600 | I26: =SUMIFS(Piutang!$M$2:$M$1751,Piutang!$B$2:$B$1751,">="&G26,Piutang!$B$2:$B$1751,"<"&EDATE(G26,1)) -> 246459400
A27: 2 | B27: =INDEX(Aging_Customer!$B$2:$B$126,MATCH(D27,Aging_Customer!$J$2:$J$126,0)) -> SUMBER TEKNIK SURYA | C27: =INDEX(Aging_Customer!$D$2:$D$126,MATCH(D27,Aging_Customer!$J$2:$J$126,0)) -> 183313200 | D27: =LARGE(Aging_Customer!$J$2:$J$126,A27) -> 34440900 | E27: =INDEX(Aging_Customer!$I$2:$I$126,MATCH(D27,Aging_Customer!$J$2:$J$126,0)) -> 30765100 | G27: 45992 | H27: =SUMIFS(Piutang!$F$2:$F$1751,Piutang!$B$2:$B$1751,">="&G27,Piutang!$B$2:$B$1751,"<"&EDATE(G27,1)) -> 1648383600 | I27: =SUMIFS(Piutang!$M$2:$M$1751,Piutang!$B$2:$B$1751,">="&G27,Piutang!$B$2:$B$1751,"<"&EDATE(G27,1)) -> 728475100
A28: 3 | B28: =INDEX(Aging_Customer!$B$2:$B$126,MATCH(D28,Aging_Customer!$J$2:$J$126,0)) -> LANCAR GARAGE UTAMA | C28: =INDEX(Aging_Customer!$D$2:$D$126,MATCH(D28,Aging_Customer!$J$2:$J$126,0)) -> 40914700 | D28: =LARGE(Aging_Customer!$J$2:$J$126,A28) -> 34057500 | E28: =INDEX(Aging_Customer!$I$2:$I$126,MATCH(D28,Aging_Customer!$J$2:$J$126,0)) -> 0 | G28: TOTAL | H28: =SUM(H16:H27) -> 18552147600 | I28: =SUM(I16:I27) -> 1208549400
A29: 4 | B29: =INDEX(Aging_Customer!$B$2:$B$126,MATCH(D29,Aging_Customer!$J$2:$J$126,0)) -> ABADI AUTO UTAMA | C29: =INDEX(Aging_Customer!$D$2:$D$126,MATCH(D29,Aging_Customer!$J$2:$J$126,0)) -> 31764600 | D29: =LARGE(Aging_Customer!$J$2:$J$126,A29) -> 25987400 | E29: =INDEX(Aging_Customer!$I$2:$I$126,MATCH(D29,Aging_Customer!$J$2:$J$126,0)) -> 0
A30: 5 | B30: =INDEX(Aging_Customer!$B$2:$B$126,MATCH(D30,Aging_Customer!$J$2:$J$126,0)) -> BINTANG OLI | C30: =INDEX(Aging_Customer!$D$2:$D$126,MATCH(D30,Aging_Customer!$J$2:$J$126,0)) -> 43609000 | D30: =LARGE(Aging_Customer!$J$2:$J$126,A30) -> 21381000 | E30: =INDEX(Aging_Customer!$I$2:$I$126,MATCH(D30,Aging_Customer!$J$2:$J$126,0)) -> 0
A31: 6 | B31: =INDEX(Aging_Customer!$B$2:$B$126,MATCH(D31,Aging_Customer!$J$2:$J$126,0)) -> BERKAH SPAREPART | C31: =INDEX(Aging_Customer!$D$2:$D$126,MATCH(D31,Aging_Customer!$J$2:$J$126,0)) -> 21754200 | D31: =LARGE(Aging_Customer!$J$2:$J$126,A31) -> 19540200 | E31: =INDEX(Aging_Customer!$I$2:$I$126,MATCH(D31,Aging_Customer!$J$2:$J$126,0)) -> 0
A32: 7 | B32: =INDEX(Aging_Customer!$B$2:$B$126,MATCH(D32,Aging_Customer!$J$2:$J$126,0)) -> MITRA GARAGE MULIA | C32: =INDEX(Aging_Customer!$D$2:$D$126,MATCH(D32,Aging_Customer!$J$2:$J$126,0)) -> 17735600 | D32: =LARGE(Aging_Customer!$J$2:$J$126,A32) -> 17735600 | E32: =INDEX(Aging_Customer!$I$2:$I$126,MATCH(D32,Aging_Customer!$J$2:$J$126,0)) -> 4069400
A33: 8 | B33: =INDEX(Aging_Customer!$B$2:$B$126,MATCH(D33,Aging_Customer!$J$2:$J$126,0)) -> BINTANG BENGKEL | C33: =INDEX(Aging_Customer!$D$2:$D$126,MATCH(D33,Aging_Customer!$J$2:$J$126,0)) -> 16598500 | D33: =LARGE(Aging_Customer!$J$2:$J$126,A33) -> 16598500 | E33: =INDEX(Aging_Customer!$I$2:$I$126,MATCH(D33,Aging_Customer!$J$2:$J$126,0)) -> 0
A34: 9 | B34: =INDEX(Aging_Customer!$B$2:$B$126,MATCH(D34,Aging_Customer!$J$2:$J$126,0)) -> MULIA BENGKEL UTAMA | C34: =INDEX(Aging_Customer!$D$2:$D$126,MATCH(D34,Aging_Customer!$J$2:$J$126,0)) -> 16281200 | D34: =LARGE(Aging_Customer!$J$2:$J$126,A34) -> 16281200 | E34: =INDEX(Aging_Customer!$I$2:$I$126,MATCH(D34,Aging_Customer!$J$2:$J$126,0)) -> 0
A35: 10 | B35: =INDEX(Aging_Customer!$B$2:$B$126,MATCH(D35,Aging_Customer!$J$2:$J$126,0)) -> BERKAH MOBIL MAKMUR | C35: =INDEX(Aging_Customer!$D$2:$D$126,MATCH(D35,Aging_Customer!$J$2:$J$126,0)) -> 16047200 | D35: =LARGE(Aging_Customer!$J$2:$J$126,A35) -> 16047200 | E35: =INDEX(Aging_Customer!$I$2:$I$126,MATCH(D35,Aging_Customer!$J$2:$J$126,0)) -> 16047200

Sheet Laporan_Piutang
A1: LAPORAN PIUTANG USAHA
A2: ="Posisi per "&TEXT(Catatan!B3,"dd mmmm yyyy") -> Posisi per 31 December 2025
A3: Disusun dari data penjualan sintetis (fiktif) Jan-Des 2025 untuk keperluan portofolio.
A5: A. RINGKASAN PIUTANG
B6: Total penjualan periode Jan-Des 2025 (Rp) | C6: =SUM(Piutang!F2:F1751) -> 18552147600
B7: Total piutang outstanding (Rp) | C7: =SUM(Piutang!M2:M1751) -> 1208549400
B8: Piutang sudah jatuh tempo / overdue (Rp) | C8: =Aging_Customer!J127 -> 470420300
B9: Persentase overdue terhadap piutang | C9: =IF(C7=0,0,C8/C7) -> 0.38924375
B10: Piutang lebih dari 90 hari (Rp) | C10: =Aging_Customer!I127 -> 144866300
B11: Perkiraan DSO (hari) | C11: =IF(C6=0,0,C7/C6*365) -> 23.77733
B12: Jumlah faktur belum lunas | C12: =COUNTIF(Piutang!M2:M1751,">0") -> 149
B13: Jumlah customer berpiutang | C13: =COUNTIF(Aging_Customer!D2:D126,">0") -> 66
A15: B. UMUR PIUTANG (AGING)
B16: Kategori | C16: Jumlah Faktur | D16: Sisa Piutang (Rp) | E16: % dari Total
B17: Belum Jatuh Tempo | C17: =COUNTIFS(Piutang!$P$2:$P$1751,B17,Piutang!$M$2:$M$1751,">0") -> 82 | D17: =SUMIFS(Piutang!$M$2:$M$1751,Piutang!$P$2:$P$1751,B17) -> 738129100 | E17: =IF($D$22=0,0,D17/$D$22) -> 0.61075625
B18: 1-30 hari | C18: =COUNTIFS(Piutang!$P$2:$P$1751,B18,Piutang!$M$2:$M$1751,">0") -> 26 | D18: =SUMIFS(Piutang!$M$2:$M$1751,Piutang!$P$2:$P$1751,B18) -> 204807200 | E18: =IF($D$22=0,0,D18/$D$22) -> 0.16946531
B19: 31-60 hari | C19: =COUNTIFS(Piutang!$P$2:$P$1751,B19,Piutang!$M$2:$M$1751,">0") -> 10 | D19: =SUMIFS(Piutang!$M$2:$M$1751,Piutang!$P$2:$P$1751,B19) -> 91756900 | E19: =IF($D$22=0,0,D19/$D$22) -> 0.075923169
B20: 61-90 hari | C20: =COUNTIFS(Piutang!$P$2:$P$1751,B20,Piutang!$M$2:$M$1751,">0") -> 5 | D20: =SUMIFS(Piutang!$M$2:$M$1751,Piutang!$P$2:$P$1751,B20) -> 28989900 | E20: =IF($D$22=0,0,D20/$D$22) -> 0.023987352
B21: 90+ hari | C21: =COUNTIFS(Piutang!$P$2:$P$1751,B21,Piutang!$M$2:$M$1751,">0") -> 26 | D21: =SUMIFS(Piutang!$M$2:$M$1751,Piutang!$P$2:$P$1751,B21) -> 144866300 | E21: =IF($D$22=0,0,D21/$D$22) -> 0.11986792
B22: TOTAL | C22: =SUM(C17:C21) -> 149 | D22: =SUM(D17:D21) -> 1208549400 | E22: =SUM(E17:E21) -> 1
A24: C. RINCIAN PIUTANG 25 CUSTOMER TERBESAR
A25: No | B25: Nama Customer | C25: Termin (hari) | D25: Belum Jatuh Tempo | E25: 1-30 hari | F25: 31-60 hari | G25: 61-90 hari | H25: 90+ hari | I25: Total Piutang (Rp) | J25: % Overdue | L25: helper
A26: 1 | B26: =IF($L26="","",INDEX(Aging_Customer!$B$2:$B$126,$L26)) -> SUMBER TEKNIK SURYA | C26: =IF($L26="","",INDEX(Aging_Customer!$C$2:$C$126,$L26)) -> 30 | D26: =IF($L26="","",INDEX(Aging_Customer!$E$2:$E$126,$L26)) -> 148872300 | E26: =IF($L26="","",INDEX(Aging_Customer!$F$2:$F$126,$L26)) -> 0 | F26: =IF($L26="","",INDEX(Aging_Customer!$G$2:$G$126,$L26)) -> 0 | G26: =IF($L26="","",INDEX(Aging_Customer!$H$2:$H$126,$L26)) -> 3675800 | H26: =IF($L26="","",INDEX(Aging_Customer!$I$2:$I$126,$L26)) -> 30765100 | I26: =IF($L26="","",INDEX(Aging_Customer!$D$2:$D$126,$L26)) -> 183313200 | J26: =IF($L26="","",INDEX(Aging_Customer!$K$2:$K$126,$L26)) -> 0.18788009 | L26: =IFERROR(MATCH(LARGE(Aging_Customer!$D$2:$D$126,A26),Aging_Customer!$D$2:$D$126,0),"") -> 1
A27: 2 | B27: =IF($L27="","",INDEX(Aging_Customer!$B$2:$B$126,$L27)) -> SUMBER OLI GEMILANG | C27: =IF($L27="","",INDEX(Aging_Customer!$C$2:$C$126,$L27)) -> 30 | D27: =IF($L27="","",INDEX(Aging_Customer!$E$2:$E$126,$L27)) -> 51770600 | E27: =IF($L27="","",INDEX(Aging_Customer!$F$2:$F$126,$L27)) -> 9088100 | F27: =IF($L27="","",INDEX(Aging_Customer!$G$2:$G$126,$L27)) -> 0 | G27: =IF($L27="","",INDEX(Aging_Customer!$H$2:$H$126,$L27)) -> 0 | H27: =IF($L27="","",INDEX(Aging_Customer!$I$2:$I$126,$L27)) -> 0 | I27: =IF($L27="","",INDEX(Aging_Customer!$D$2:$D$126,$L27)) -> 60858700 | J27: =IF($L27="","",INDEX(Aging_Customer!$K$2:$K$126,$L27)) -> 0.14933116 | L27: =IFERROR(MATCH(LARGE(Aging_Customer!$D$2:$D$126,A27),Aging_Customer!$D$2:$D$126,0),"") -> 2
A28: 3 | B28: =IF($L28="","",INDEX(Aging_Customer!$B$2:$B$126,$L28)) -> MAJU GARAGE TIRTA | C28: =IF($L28="","",INDEX(Aging_Customer!$C$2:$C$126,$L28)) -> 45 | D28: =IF($L28="","",INDEX(Aging_Customer!$E$2:$E$126,$L28)) -> 51794600 | E28: =IF($L28="","",INDEX(Aging_Customer!$F$2:$F$126,$L28)) -> 0 | F28: =IF($L28="","",INDEX(Aging_Customer!$G$2:$G$126,$L28)) -> 0 | G28: =IF($L28="","",INDEX(Aging_Customer!$H$2:$H$126,$L28)) -> 0 | H28: =IF($L28="","",INDEX(Aging_Customer!$I$2:$I$126,$L28)) -> 4412400 | I28: =IF($L28="","",INDEX(Aging_Customer!$D$2:$D$126,$L28)) -> 56207000 | J28: =IF($L28="","",INDEX(Aging_Customer!$K$2:$K$126,$L28)) -> 0.078502678 | L28: =IFERROR(MATCH(LARGE(Aging_Customer!$D$2:$D$126,A28),Aging_Customer!$D$2:$D$126,0),"") -> 3
A29: 4 | B29: =IF($L29="","",INDEX(Aging_Customer!$B$2:$B$126,$L29)) -> SINAR AUTO BERKAH | C29: =IF($L29="","",INDEX(Aging_Customer!$C$2:$C$126,$L29)) -> 30 | D29: =IF($L29="","",INDEX(Aging_Customer!$E$2:$E$126,$L29)) -> 4477700 | E29: =IF($L29="","",INDEX(Aging_Customer!$F$2:$F$126,$L29)) -> 27854000 | F29: =IF($L29="","",INDEX(Aging_Customer!$G$2:$G$126,$L29)) -> 13821600 | G29: =IF($L29="","",INDEX(Aging_Customer!$H$2:$H$126,$L29)) -> 0 | H29: =IF($L29="","",INDEX(Aging_Customer!$I$2:$I$126,$L29)) -> 8448100 | I29: =IF($L29="","",INDEX(Aging_Customer!$D$2:$D$126,$L29)) -> 54601400 | J29: =IF($L29="","",INDEX(Aging_Customer!$K$2:$K$126,$L29)) -> 0.91799295 | L29: =IFERROR(MATCH(LARGE(Aging_Customer!$D$2:$D$126,A29),Aging_Customer!$D$2:$D$126,0),"") -> 4
A30: 5 | B30: =IF($L30="","",INDEX(Aging_Customer!$B$2:$B$126,$L30)) -> KARYA SPAREPART | C30: =IF($L30="","",INDEX(Aging_Customer!$C$2:$C$126,$L30)) -> 45 | D30: =IF($L30="","",INDEX(Aging_Customer!$E$2:$E$126,$L30)) -> 48877600 | E30: =IF($L30="","",INDEX(Aging_Customer!$F$2:$F$126,$L30)) -> 1215900 | F30: =IF($L30="","",INDEX(Aging_Customer!$G$2:$G$126,$L30)) -> 1316300 | G30: =IF($L30="","",INDEX(Aging_Customer!$H$2:$H$126,$L30)) -> 0 | H30: =IF($L30="","",INDEX(Aging_Customer!$I$2:$I$126,$L30)) -> 1732600 | I30: =IF($L30="","",INDEX(Aging_Customer!$D$2:$D$126,$L30)) -> 53142400 | J30: =IF($L30="","",INDEX(Aging_Customer!$K$2:$K$126,$L30)) -> 0.080252303 | L30: =IFERROR(MATCH(LARGE(Aging_Customer!$D$2:$D$126,A30),Aging_Customer!$D$2:$D$126,0),"") -> 5
A31: 6 | B31: =IF($L31="","",INDEX(Aging_Customer!$B$2:$B$126,$L31)) -> BINTANG OLI | C31: =IF($L31="","",INDEX(Aging_Customer!$C$2:$C$126,$L31)) -> 14 | D31: =IF($L31="","",INDEX(Aging_Customer!$E$2:$E$126,$L31)) -> 22228000 | E31: =IF($L31="","",INDEX(Aging_Customer!$F$2:$F$126,$L31)) -> 21381000 | F31: =IF($L31="","",INDEX(Aging_Customer!$G$2:$G$126,$L31)) -> 0 | G31: =IF($L31="","",INDEX(Aging_Customer!$H$2:$H$126,$L31)) -> 0 | H31: =IF($L31="","",INDEX(Aging_Customer!$I$2:$I$126,$L31)) -> 0 | I31: =IF($L31="","",INDEX(Aging_Customer!$D$2:$D$126,$L31)) -> 43609000 | J31: =IF($L31="","",INDEX(Aging_Customer!$K$2:$K$126,$L31)) -> 0.4902887 | L31: =IFERROR(MATCH(LARGE(Aging_Customer!$D$2:$D$126,A31),Aging_Customer!$D$2:$D$126,0),"") -> 6
A32: 7 | B32: =IF($L32="","",INDEX(Aging_Customer!$B$2:$B$126,$L32)) -> LANCAR GARAGE UTAMA | C32: =IF($L32="","",INDEX(Aging_Customer!$C$2:$C$126,$L32)) -> 14 | D32: =IF($L32="","",INDEX(Aging_Customer!$E$2:$E$126,$L32)) -> 6857200 | E32: =IF($L32="","",INDEX(Aging_Customer!$F$2:$F$126,$L32)) -> 17519100 | F32: =IF($L32="","",INDEX(Aging_Customer!$G$2:$G$126,$L32)) -> 16538400 | G32: =IF($L32="","",INDEX(Aging_Customer!$H$2:$H$126,$L32)) -> 0 | H32: =IF($L32="","",INDEX(Aging_Customer!$I$2:$I$126,$L32)) -> 0 | I32: =IF($L32="","",INDEX(Aging_Customer!$D$2:$D$126,$L32)) -> 40914700 | J32: =IF($L32="","",INDEX(Aging_Customer!$K$2:$K$126,$L32)) -> 0.83240254 | L32: =IFERROR(MATCH(LARGE(Aging_Customer!$D$2:$D$126,A32),Aging_Customer!$D$2:$D$126,0),"") -> 7
A33: 8 | B33: =IF($L33="","",INDEX(Aging_Customer!$B$2:$B$126,$L33)) -> HARAPAN MOTOR | C33: =IF($L33="","",INDEX(Aging_Customer!$C$2:$C$126,$L33)) -> 45 | D33: =IF($L33="","",INDEX(Aging_Customer!$E$2:$E$126,$L33)) -> 24083500 | E33: =IF($L33="","",INDEX(Aging_Customer!$F$2:$F$126,$L33)) -> 0 | F33: =IF($L33="","",INDEX(Aging_Customer!$G$2:$G$126,$L33)) -> 0 | G33: =IF($L33="","",INDEX(Aging_Customer!$H$2:$H$126,$L33)) -> 0 | H33: =IF($L33="","",INDEX(Aging_Customer!$I$2:$I$126,$L33)) -> 11783000 | I33: =IF($L33="","",INDEX(Aging_Customer!$D$2:$D$126,$L33)) -> 35866500 | J33: =IF($L33="","",INDEX(Aging_Customer!$K$2:$K$126,$L33)) -> 0.32852383 | L33: =IFERROR(MATCH(LARGE(Aging_Customer!$D$2:$D$126,A33),Aging_Customer!$D$2:$D$126,0),"") -> 8
A34: 9 | B34: =IF($L34="","",INDEX(Aging_Customer!$B$2:$B$126,$L34)) -> ABADI AUTO UTAMA | C34: =IF($L34="","",INDEX(Aging_Customer!$C$2:$C$126,$L34)) -> 14 | D34: =IF($L34="","",INDEX(Aging_Customer!$E$2:$E$126,$L34)) -> 5777200 | E34: =IF($L34="","",INDEX(Aging_Customer!$F$2:$F$126,$L34)) -> 25987400 | F34: =IF($L34="","",INDEX(Aging_Customer!$G$2:$G$126,$L34)) -> 0 | G34: =IF($L34="","",INDEX(Aging_Customer!$H$2:$H$126,$L34)) -> 0 | H34: =IF($L34="","",INDEX(Aging_Customer!$I$2:$I$126,$L34)) -> 0 | I34: =IF($L34="","",INDEX(Aging_Customer!$D$2:$D$126,$L34)) -> 31764600 | J34: =IF($L34="","",INDEX(Aging_Customer!$K$2:$K$126,$L34)) -> 0.81812458 | L34: =IFERROR(MATCH(LARGE(Aging_Customer!$D$2:$D$126,A34),Aging_Customer!$D$2:$D$126,0),"") -> 9
A35: 10 | B35: =IF($L35="","",INDEX(Aging_Customer!$B$2:$B$126,$L35)) -> CAHAYA OLI | C35: =IF($L35="","",INDEX(Aging_Customer!$C$2:$C$126,$L35)) -> 30 | D35: =IF($L35="","",INDEX(Aging_Customer!$E$2:$E$126,$L35)) -> 20966300 | E35: =IF($L35="","",INDEX(Aging_Customer!$F$2:$F$126,$L35)) -> 8670700 | F35: =IF($L35="","",INDEX(Aging_Customer!$G$2:$G$126,$L35)) -> 0 | G35: =IF($L35="","",INDEX(Aging_Customer!$H$2:$H$126,$L35)) -> 0 | H35: =IF($L35="","",INDEX(Aging_Customer!$I$2:$I$126,$L35)) -> 1948100 | I35: =IF($L35="","",INDEX(Aging_Customer!$D$2:$D$126,$L35)) -> 31585100 | J35: =IF($L35="","",INDEX(Aging_Customer!$K$2:$K$126,$L35)) -> 0.3361965 | L35: =IFERROR(MATCH(LARGE(Aging_Customer!$D$2:$D$126,A35),Aging_Customer!$D$2:$D$126,0),"") -> 10
A36: 11 | B36: =IF($L36="","",INDEX(Aging_Customer!$B$2:$B$126,$L36)) -> SINAR GARAGE | C36: =IF($L36="","",INDEX(Aging_Customer!$C$2:$C$126,$L36)) -> 30 | D36: =IF($L36="","",INDEX(Aging_Customer!$E$2:$E$126,$L36)) -> 23762500 | E36: =IF($L36="","",INDEX(Aging_Customer!$F$2:$F$126,$L36)) -> 0 | F36: =IF($L36="","",INDEX(Aging_Customer!$G$2:$G$126,$L36)) -> 0 | G36: =IF($L36="","",INDEX(Aging_Customer!$H$2:$H$126,$L36)) -> 0 | H36: =IF($L36="","",INDEX(Aging_Customer!$I$2:$I$126,$L36)) -> 1529700 | I36: =IF($L36="","",INDEX(Aging_Customer!$D$2:$D$126,$L36)) -> 25292200 | J36: =IF($L36="","",INDEX(Aging_Customer!$K$2:$K$126,$L36)) -> 0.060481097 | L36: =IFERROR(MATCH(LARGE(Aging_Customer!$D$2:$D$126,A36),Aging_Customer!$D$2:$D$126,0),"") -> 11
A37: 12 | B37: =IF($L37="","",INDEX(Aging_Customer!$B$2:$B$126,$L37)) -> MAKMUR AUTO HARAPAN | C37: =IF($L37="","",INDEX(Aging_Customer!$C$2:$C$126,$L37)) -> 30 | D37: =IF($L37="","",INDEX(Aging_Customer!$E$2:$E$126,$L37)) -> 22546700 | E37: =IF($L37="","",INDEX(Aging_Customer!$F$2:$F$126,$L37)) -> 0 | F37: =IF($L37="","",INDEX(Aging_Customer!$G$2:$G$126,$L37)) -> 0 | G37: =IF($L37="","",INDEX(Aging_Customer!$H$2:$H$126,$L37)) -> 0 | H37: =IF($L37="","",INDEX(Aging_Customer!$I$2:$I$126,$L37)) -> 0 | I37: =IF($L37="","",INDEX(Aging_Customer!$D$2:$D$126,$L37)) -> 22546700 | J37: =IF($L37="","",INDEX(Aging_Customer!$K$2:$K$126,$L37)) -> 0 | L37: =IFERROR(MATCH(LARGE(Aging_Customer!$D$2:$D$126,A37),Aging_Customer!$D$2:$D$126,0),"") -> 12
... A50: 25 | B50: =IF($L50="","",INDEX(Aging_Customer!$B$2:$B$126,$L50)) -> MITRA BENGKEL | C50: =IF($L50="","",INDEX(Aging_Customer!$C$2:$C$126,$L50)) -> 30 | D50: =IF($L50="","",INDEX(Aging_Customer!$E$2:$E$126,$L50)) -> 0 | E50: =IF($L50="","",INDEX(Aging_Customer!$F$2:$F$126,$L50)) -> 0 | F50: =IF($L50="","",INDEX(Aging_Customer!$G$2:$G$126,$L50)) -> 0 | G50: =IF($L50="","",INDEX(Aging_Customer!$H$2:$H$126,$L50)) -> 7080600 | H50: =IF($L50="","",INDEX(Aging_Customer!$I$2:$I$126,$L50)) -> 8904800 | I50: =IF($L50="","",INDEX(Aging_Customer!$D$2:$D$126,$L50)) -> 15985400 | J50: =IF($L50="","",INDEX(Aging_Customer!$K$2:$K$126,$L50)) -> 1 | L50: =IFERROR(MATCH(LARGE(Aging_Customer!$D$2:$D$126,A50),Aging_Customer!$D$2:$D$126,0),"") -> 25
B51: Customer lainnya | D51: =Aging_Customer!E127-SUM(D26:D50) -> 200870700 | E51: =Aging_Customer!F127-SUM(E26:E50) -> 50720200 | F51: =Aging_Customer!G127-SUM(F26:F50) -> 16310900 | G51: =Aging_Customer!H127-SUM(G26:G50) -> 6254900 | H51: =Aging_Customer!I127-SUM(H26:H50) -> 53208800 | I51: =Aging_Customer!D127-SUM(I26:I50) -> 327365500 | J51: =IF(I51=0,0,SUM(E51:H51)/I51) -> 0.38640235
B52: TOTAL PIUTANG | D52: =SUM(D26:D51) -> 738129100 | E52: =SUM(E26:E51) -> 204807200 | F52: =SUM(F26:F51) -> 91756900 | G52: =SUM(G26:G51) -> 28989900 | H52: =SUM(H26:H51) -> 144866300 | I52: =SUM(I26:I51) -> 1208549400 | J52: =IF(I52=0,0,SUM(E52:H52)/I52) -> 0.38924375
A54: D. CATATAN ANALISIS & REKOMENDASI TINDAK LANJUT
B55: ="1. Piutang outstanding sebesar Rp "&TEXT(C7,"#,##0")&" ("&TEXT(IF(C6=0,0,C7/C6),"0.0%")&" dari penjualan), dengan "&TEXT(C9,"0.0%")&" di antaranya sudah melewati jatuh tempo." -> 1. Piutang outstanding sebesar Rp 1,208,549,400 (6.5% dari penjualan), dengan 38.9% di antaranya sudah melewati jatuh tempo.
B56: ="2. Piutang di atas 90 hari mencapai Rp "&TEXT(C10,"#,##0")&"; perlu eskalasi ke supervisor dan evaluasi pembatasan pengiriman." -> 2. Piutang di atas 90 hari mencapai Rp 144,866,300; perlu eskalasi ke supervisor dan evaluasi pembatasan pengiriman.
B57: ="3. Customer dengan overdue terbesar: "&INDEX(Aging_Customer!$B$2:$B$126,MATCH(MAX(Aging_Customer!$J$2:$J$126),Aging_Customer!$J$2:$J$126,0))&" (Rp "&TEXT(MAX(Aging_Customer!$J$2:$J$126),"#,##0")&"); prioritaskan kunjungan dan negosiasi jadwal pelunasan." -> 3. Customer dengan overdue terbesar: SINAR AUTO BERKAH (Rp 50,123,700); prioritaskan kunjungan dan negosiasi jadwal pelunasan.
B58: ="4. Terdapat "&COUNTIF(Piutang!$J$2:$J$1751,"Belum ditukar")&" faktur yang belum ditukar; selesaikan tukar faktur agar penagihan dapat berjalan sesuai jatuh tempo." -> 4. Terdapat 9 faktur yang belum ditukar; selesaikan tukar faktur agar penagihan dapat berjalan sesuai jatuh tempo.
B59: 5. Pantau janji bayar di sheet Log_Penagihan dan lakukan tindak lanjut pada janji yang terlewat.

Sheet Laporan_Faktur
A1: LAPORAN FAKTUR PENJUALAN
A2: ="Posisi per "&TEXT(Catatan!B3,"dd mmmm yyyy") -> Posisi per 31 December 2025
A3: Rekap faktur berdasarkan status pembayaran, status tukar faktur, bulan faktur, dan jadwal jatuh tempo.
A5: A. STATUS PEMBAYARAN FAKTUR
B6: Status | C6: Jumlah Faktur | D6: Nominal Faktur (Rp) | E6: Dibayar (Rp) | F6: Sisa Piutang (Rp) | G6: % Faktur
B7: Lunas | C7: =COUNTIF(Piutang!$N$2:$N$1751,B7) -> 1601 | D7: =SUMIFS(Piutang!$F$2:$F$1751,Piutang!$N$2:$N$1751,$B7) -> 17075612800 | E7: =SUMIFS(Piutang!$K$2:$K$1751,Piutang!$N$2:$N$1751,$B7) -> 17075612800 | F7: =SUMIFS(Piutang!$M$2:$M$1751,Piutang!$N$2:$N$1751,$B7) -> 0 | G7: =IF($C$10=0,0,C7/$C$10) -> 0.91485714
B8: Sebagian | C8: =COUNTIF(Piutang!$N$2:$N$1751,B8) -> 53 | D8: =SUMIFS(Piutang!$F$2:$F$1751,Piutang!$N$2:$N$1751,$B8) -> 505085700 | E8: =SUMIFS(Piutang!$K$2:$K$1751,Piutang!$N$2:$N$1751,$B8) -> 267985400 | F8: =SUMIFS(Piutang!$M$2:$M$1751,Piutang!$N$2:$N$1751,$B8) -> 237100300 | G8: =IF($C$10=0,0,C8/$C$10) -> 0.030285714
B9: Belum Bayar | C9: =COUNTIF(Piutang!$N$2:$N$1751,B9) -> 96 | D9: =SUMIFS(Piutang!$F$2:$F$1751,Piutang!$N$2:$N$1751,$B9) -> 971449100 | E9: =SUMIFS(Piutang!$K$2:$K$1751,Piutang!$N$2:$N$1751,$B9) -> 0 | F9: =SUMIFS(Piutang!$M$2:$M$1751,Piutang!$N$2:$N$1751,$B9) -> 971449100 | G9: =IF($C$10=0,0,C9/$C$10) -> 0.054857143
B10: TOTAL | C10: =SUM(C7:C9) -> 1750 | D10: =SUM(D7:D9) -> 18552147600 | E10: =SUM(E7:E9) -> 17343598200 | F10: =SUM(F7:F9) -> 1208549400 | G10: =SUM(G7:G9) -> 1
A12: B. STATUS TUKAR FAKTUR
B13: Status | C13: Jumlah Faktur | D13: Nominal Faktur (Rp) | E13: Sisa Piutang (Rp)
B14: Tunai | C14: =COUNTIF(Piutang!$J$2:$J$1751,B14) -> 680 | D14: =SUMIFS(Piutang!$F$2:$F$1751,Piutang!$J$2:$J$1751,$B14) -> 6917285800 | E14: =SUMIFS(Piutang!$M$2:$M$1751,Piutang!$J$2:$J$1751,$B14) -> 3048800
B15: Sudah ditukar | C15: =COUNTIF(Piutang!$J$2:$J$1751,B15) -> 1061 | D15: =SUMIFS(Piutang!$F$2:$F$1751,Piutang!$J$2:$J$1751,$B15) -> 11560823000 | E15: =SUMIFS(Piutang!$M$2:$M$1751,Piutang!$J$2:$J$1751,$B15) -> 1139680700
B16: Belum ditukar | C16: =COUNTIF(Piutang!$J$2:$J$1751,B16) -> 9 | D16: =SUMIFS(Piutang!$F$2:$F$1751,Piutang!$J$2:$J$1751,$B16) -> 74038800 | E16: =SUMIFS(Piutang!$M$2:$M$1751,Piutang!$J$2:$J$1751,$B16) -> 65819900
B17: TOTAL | C17: =SUM(C14:C16) -> 1750 | D17: =SUM(D14:D16) -> 18552147600 | E17: =SUM(E14:E16) -> 1208549400
A19: C. REKAP FAKTUR PER BULAN
B20: Bulan | C20: Jumlah Faktur | D20: Nominal Faktur (Rp) | E20: Dibayar (Rp) | F20: Sisa Piutang (Rp) | G20: % Terbayar
B21: 45658 | C21: =COUNTIFS(Piutang!$B$2:$B$1751,">="&$B21,Piutang!$B$2:$B$1751,"<"&EDATE($B21,1)) -> 140 | D21: =SUMIFS(Piutang!$F$2:$F$1751,Piutang!$B$2:$B$1751,">="&$B21,Piutang!$B$2:$B$1751,"<"&EDATE($B21,1)) -> 1576054400 | E21: =SUMIFS(Piutang!$K$2:$K$1751,Piutang!$B$2:$B$1751,">="&$B21,Piutang!$B$2:$B$1751,"<"&EDATE($B21,1)) -> 1566693600 | F21: =SUMIFS(Piutang!$M$2:$M$1751,Piutang!$B$2:$B$1751,">="&$B21,Piutang!$B$2:$B$1751,"<"&EDATE($B21,1)) -> 9360800 | G21: =IF(D21=0,0,E21/D21) -> 0.99406061
B22: 45689 | C22: =COUNTIFS(Piutang!$B$2:$B$1751,">="&$B22,Piutang!$B$2:$B$1751,"<"&EDATE($B22,1)) -> 134 | D22: =SUMIFS(Piutang!$F$2:$F$1751,Piutang!$B$2:$B$1751,">="&$B22,Piutang!$B$2:$B$1751,"<"&EDATE($B22,1)) -> 1525951100 | E22: =SUMIFS(Piutang!$K$2:$K$1751,Piutang!$B$2:$B$1751,">="&$B22,Piutang!$B$2:$B$1751,"<"&EDATE($B22,1)) -> 1486257100 | F22: =SUMIFS(Piutang!$M$2:$M$1751,Piutang!$B$2:$B$1751,">="&$B22,Piutang!$B$2:$B$1751,"<"&EDATE($B22,1)) -> 39694000 | G22: =IF(D22=0,0,E22/D22) -> 0.97398737
B23: 45717 | C23: =COUNTIFS(Piutang!$B$2:$B$1751,">="&$B23,Piutang!$B$2:$B$1751,"<"&EDATE($B23,1)) -> 138 | D23: =SUMIFS(Piutang!$F$2:$F$1751,Piutang!$B$2:$B$1751,">="&$B23,Piutang!$B$2:$B$1751,"<"&EDATE($B23,1)) -> 1553507600 | E23: =SUMIFS(Piutang!$K$2:$K$1751,Piutang!$B$2:$B$1751,">="&$B23,Piutang!$B$2:$B$1751,"<"&EDATE($B23,1)) -> 1533830200 | F23: =SUMIFS(Piutang!$M$2:$M$1751,Piutang!$B$2:$B$1751,">="&$B23,Piutang!$B$2:$B$1751,"<"&EDATE($B23,1)) -> 19677400 | G23: =IF(D23=0,0,E23/D23) -> 0.98733357
B24: 45748 | C24: =COUNTIFS(Piutang!$B$2:$B$1751,">="&$B24,Piutang!$B$2:$B$1751,"<"&EDATE($B24,1)) -> 144 | D24: =SUMIFS(Piutang!$F$2:$F$1751,Piutang!$B$2:$B$1751,">="&$B24,Piutang!$B$2:$B$1751,"<"&EDATE($B24,1)) -> 1586180200 | E24: =SUMIFS(Piutang!$K$2:$K$1751,Piutang!$B$2:$B$1751,">="&$B24,Piutang!$B$2:$B$1751,"<"&EDATE($B24,1)) -> 1579337400 | F24: =SUMIFS(Piutang!$M$2:$M$1751,Piutang!$B$2:$B$1751,">="&$B24,Piutang!$B$2:$B$1751,"<"&EDATE($B24,1)) -> 6842800 | G24: =IF(D24=0,0,E24/D24) -> 0.99568599
B25: 45778 | C25: =COUNTIFS(Piutang!$B$2:$B$1751,">="&$B25,Piutang!$B$2:$B$1751,"<"&EDATE($B25,1)) -> 158 | D25: =SUMIFS(Piutang!$F$2:$F$1751,Piutang!$B$2:$B$1751,">="&$B25,Piutang!$B$2:$B$1751,"<"&EDATE($B25,1)) -> 1709855800 | E25: =SUMIFS(Piutang!$K$2:$K$1751,Piutang!$B$2:$B$1751,">="&$B25,Piutang!$B$2:$B$1751,"<"&EDATE($B25,1)) -> 1675081600 | F25: =SUMIFS(Piutang!$M$2:$M$1751,Piutang!$B$2:$B$1751,">="&$B25,Piutang!$B$2:$B$1751,"<"&EDATE($B25,1)) -> 34774200 | G25: =IF(D25=0,0,E25/D25) -> 0.9796625
B26: 45809 | C26: =COUNTIFS(Piutang!$B$2:$B$1751,">="&$B26,Piutang!$B$2:$B$1751,"<"&EDATE($B26,1)) -> 125 | D26: =SUMIFS(Piutang!$F$2:$F$1751,Piutang!$B$2:$B$1751,">="&$B26,Piutang!$B$2:$B$1751,"<"&EDATE($B26,1)) -> 1252767400 | E26: =SUMIFS(Piutang!$K$2:$K$1751,Piutang!$B$2:$B$1751,">="&$B26,Piutang!$B$2:$B$1751,"<"&EDATE($B26,1)) -> 1244319300 | F26: =SUMIFS(Piutang!$M$2:$M$1751,Piutang!$B$2:$B$1751,">="&$B26,Piutang!$B$2:$B$1751,"<"&EDATE($B26,1)) -> 8448100 | G26: =IF(D26=0,0,E26/D26) -> 0.99325645
B27: 45839 | C27: =COUNTIFS(Piutang!$B$2:$B$1751,">="&$B27,Piutang!$B$2:$B$1751,"<"&EDATE($B27,1)) -> 152 | D27: =SUMIFS(Piutang!$F$2:$F$1751,Piutang!$B$2:$B$1751,">="&$B27,Piutang!$B$2:$B$1751,"<"&EDATE($B27,1)) -> 1466421200 | E27: =SUMIFS(Piutang!$K$2:$K$1751,Piutang!$B$2:$B$1751,">="&$B27,Piutang!$B$2:$B$1751,"<"&EDATE($B27,1)) -> 1455252900 | F27: =SUMIFS(Piutang!$M$2:$M$1751,Piutang!$B$2:$B$1751,">="&$B27,Piutang!$B$2:$B$1751,"<"&EDATE($B27,1)) -> 11168300 | G27: =IF(D27=0,0,E27/D27) -> 0.99238398
B28: 45870 | C28: =COUNTIFS(Piutang!$B$2:$B$1751,">="&$B28,Piutang!$B$2:$B$1751,"<"&EDATE($B28,1)) -> 153 | D28: =SUMIFS(Piutang!$F$2:$F$1751,Piutang!$B$2:$B$1751,">="&$B28,Piutang!$B$2:$B$1751,"<"&EDATE($B28,1)) -> 1573166300 | E28: =SUMIFS(Piutang!$K$2:$K$1751,Piutang!$B$2:$B$1751,">="&$B28,Piutang!$B$2:$B$1751,"<"&EDATE($B28,1)) -> 1562502800 | F28: =SUMIFS(Piutang!$M$2:$M$1751,Piutang!$B$2:$B$1751,">="&$B28,Piutang!$B$2:$B$1751,"<"&EDATE($B28,1)) -> 10663500 | G28: =IF(D28=0,0,E28/D28) -> 0.99322163
B29: 45901 | C29: =COUNTIFS(Piutang!$B$2:$B$1751,">="&$B29,Piutang!$B$2:$B$1751,"<"&EDATE($B29,1)) -> 143 | D29: =SUMIFS(Piutang!$F$2:$F$1751,Piutang!$B$2:$B$1751,">="&$B29,Piutang!$B$2:$B$1751,"<"&EDATE($B29,1)) -> 1622212200 | E29: =SUMIFS(Piutang!$K$2:$K$1751,Piutang!$B$2:$B$1751,">="&$B29,Piutang!$B$2:$B$1751,"<"&EDATE($B29,1)) -> 1606728000 | F29: =SUMIFS(Piutang!$M$2:$M$1751,Piutang!$B$2:$B$1751,">="&$B29,Piutang!$B$2:$B$1751,"<"&EDATE($B29,1)) -> 15484200 | G29: =IF(D29=0,0,E29/D29) -> 0.99045489
B30: 45931 | C30: =COUNTIFS(Piutang!$B$2:$B$1751,">="&$B30,Piutang!$B$2:$B$1751,"<"&EDATE($B30,1)) -> 159 | D30: =SUMIFS(Piutang!$F$2:$F$1751,Piutang!$B$2:$B$1751,">="&$B30,Piutang!$B$2:$B$1751,"<"&EDATE($B30,1)) -> 1625867200 | E30: =SUMIFS(Piutang!$K$2:$K$1751,Piutang!$B$2:$B$1751,">="&$B30,Piutang!$B$2:$B$1751,"<"&EDATE($B30,1)) -> 1548365600 | F30: =SUMIFS(Piutang!$M$2:$M$1751,Piutang!$B$2:$B$1751,">="&$B30,Piutang!$B$2:$B$1751,"<"&EDATE($B30,1)) -> 77501600 | G30: =IF(D30=0,0,E30/D30) -> 0.95233215
B31: 45962 | C31: =COUNTIFS(Piutang!$B$2:$B$1751,">="&$B31,Piutang!$B$2:$B$1751,"<"&EDATE($B31,1)) -> 140 | D31: =SUMIFS(Piutang!$F$2:$F$1751,Piutang!$B$2:$B$1751,">="&$B31,Piutang!$B$2:$B$1751,"<"&EDATE($B31,1)) -> 1411780600 | E31: =SUMIFS(Piutang!$K$2:$K$1751,Piutang!$B$2:$B$1751,">="&$B31,Piutang!$B$2:$B$1751,"<"&EDATE($B31,1)) -> 1165321200 | F31: =SUMIFS(Piutang!$M$2:$M$1751,Piutang!$B$2:$B$1751,">="&$B31,Piutang!$B$2:$B$1751,"<"&EDATE($B31,1)) -> 246459400 | G31: =IF(D31=0,0,E31/D31) -> 0.82542656
B32: 45992 | C32: =COUNTIFS(Piutang!$B$2:$B$1751,">="&$B32,Piutang!$B$2:$B$1751,"<"&EDATE($B32,1)) -> 164 | D32: =SUMIFS(Piutang!$F$2:$F$1751,Piutang!$B$2:$B$1751,">="&$B32,Piutang!$B$2:$B$1751,"<"&EDATE($B32,1)) -> 1648383600 | E32: =SUMIFS(Piutang!$K$2:$K$1751,Piutang!$B$2:$B$1751,">="&$B32,Piutang!$B$2:$B$1751,"<"&EDATE($B32,1)) -> 919908500 | F32: =SUMIFS(Piutang!$M$2:$M$1751,Piutang!$B$2:$B$1751,">="&$B32,Piutang!$B$2:$B$1751,"<"&EDATE($B32,1)) -> 728475100 | G32: =IF(D32=0,0,E32/D32) -> 0.55806701
B33: TOTAL | C33: =SUM(C21:C32) -> 1750 | D33: =SUM(D21:D32) -> 18552147600 | E33: =SUM(E21:E32) -> 17343598200 | F33: =SUM(F21:F32) -> 1208549400 | G33: =IF(D33=0,0,E33/D33) -> 0.93485663
A35: D. JADWAL JATUH TEMPO FAKTUR BELUM LUNAS (KE DEPAN)
B36: Jatuh tempo dalam | C36: Jumlah Faktur | D36: Sisa Piutang (Rp)
B37: 0-7 hari | C37: =COUNTIFS(Piutang!$M$2:$M$1751,">0",Piutang!$H$2:$H$1751,">="&(Catatan!$B$3+0),Piutang!$H$2:$H$1751,"<="&(Catatan!$B$3+7)) -> 17 | D37: =SUMIFS(Piutang!$M$2:$M$1751,Piutang!$M$2:$M$1751,">0",Piutang!$H$2:$H$1751,">="&(Catatan!$B$3+0),Piutang!$H$2:$H$1751,"<="&(Catatan!$B$3+7)) -> 135024800
B38: 8-14 hari | C38: =COUNTIFS(Piutang!$M$2:$M$1751,">0",Piutang!$H$2:$H$1751,">="&(Catatan!$B$3+8),Piutang!$H$2:$H$1751,"<="&(Catatan!$B$3+14)) -> 21 | D38: =SUMIFS(Piutang!$M$2:$M$1751,Piutang!$M$2:$M$1751,">0",Piutang!$H$2:$H$1751,">="&(Catatan!$B$3+8),Piutang!$H$2:$H$1751,"<="&(Catatan!$B$3+14)) -> 172676900
B39: 15-30 hari | C39: =COUNTIFS(Piutang!$M$2:$M$1751,">0",Piutang!$H$2:$H$1751,">="&(Catatan!$B$3+15),Piutang!$H$2:$H$1751,"<="&(Catatan!$B$3+30)) -> 30 | D39: =SUMIFS(Piutang!$M$2:$M$1751,Piutang!$M$2:$M$1751,">0",Piutang!$H$2:$H$1751,">="&(Catatan!$B$3+15),Piutang!$H$2:$H$1751,"<="&(Catatan!$B$3+30)) -> 328223200
B40: Lebih dari 30 hari | C40: =COUNTIFS(Piutang!$M$2:$M$1751,">0",Piutang!$H$2:$H$1751,">="&(Catatan!$B$3+31),Piutang!$H$2:$H$1751,"<="&(Catatan!$B$3+9999)) -> 14 | D40: =SUMIFS(Piutang!$M$2:$M$1751,Piutang!$M$2:$M$1751,">0",Piutang!$H$2:$H$1751,">="&(Catatan!$B$3+31),Piutang!$H$2:$H$1751,"<="&(Catatan!$B$3+9999)) -> 102204200
B41: TOTAL | C41: =SUM(C37:C40) -> 82 | D41: =SUM(D37:D40) -> 738129100
B42: Faktur yang sudah lewat jatuh tempo ada di Laporan_Piutang (aging).

Sheet Cetak_Faktur
A1: PT CONTOH DISTRIBUSI PELUMAS (DUMMY) | E1: FAKTUR PENJUALAN
A2: Alamat perusahaan contoh - Tangerang Selatan
A3: Pilih No. Faktur pada sel kuning; seluruh isi faktur terisi otomatis dari Data_Penjualan dan Piutang.
G4: helper
A5: No. Faktur | C5: INV-1568 | G5: =IFERROR(MATCH($C$5,Data_Penjualan!$A$2:$A$5998,0),"") -> 5412
A6: Tanggal Faktur | C6: =IFERROR(INDEX(Piutang!$B$2:$B$1751,MATCH($C$5,Piutang!$A$2:$A$1751,0)),"") -> 45987
A7: Customer | C7: =IFERROR(INDEX(Piutang!$D$2:$D$1751,MATCH($C$5,Piutang!$A$2:$A$1751,0)),"") -> BINTANG OLI
A8: Salesman | C8: =IFERROR(INDEX(Piutang!$E$2:$E$1751,MATCH($C$5,Piutang!$A$2:$A$1751,0)),"") -> SALES D
A9: Termin (hari) | C9: =IFERROR(INDEX(Piutang!$G$2:$G$1751,MATCH($C$5,Piutang!$A$2:$A$1751,0)),"") -> 14
A10: Jatuh Tempo | C10: =IFERROR(INDEX(Piutang!$H$2:$H$1751,MATCH($C$5,Piutang!$A$2:$A$1751,0)),"") -> 46001
A12: No | B12: Nama Item | C12: Qty | D12: Unit | E12: Jumlah (Rp)
A13: =IF(B13="","",1) -> 1 | B13: =IFERROR(IF(AND($G$5<>"",INDEX(Data_Penjualan!$A$2:$A$5998,$G$5+0)=$C$5),INDEX(Data_Penjualan!$D$2:$D$5998,$G$5+0),""),"") -> Oli Mesin Mobil Diesel SAE 15W-40 (6x1L) | C13: =IFERROR(IF(AND($G$5<>"",INDEX(Data_Penjualan!$A$2:$A$5998,$G$5+0)=$C$5),INDEX(Data_Penjualan!$E$2:$E$5998,$G$5+0),""),"") -> 7 | D13: =IFERROR(IF(AND($G$5<>"",INDEX(Data_Penjualan!$A$2:$A$5998,$G$5+0)=$C$5),INDEX(Data_Penjualan!$F$2:$F$5998,$G$5+0),""),"") -> DUS | E13: =IFERROR(IF(AND($G$5<>"",INDEX(Data_Penjualan!$A$2:$A$5998,$G$5+0)=$C$5),INDEX(Data_Penjualan!$G$2:$G$5998,$G$5+0),""),"") -> 4268300
A14: =IF(B14="","",2) -> 2 | B14: =IFERROR(IF(AND($G$5<>"",INDEX(Data_Penjualan!$A$2:$A$5998,$G$5+1)=$C$5),INDEX(Data_Penjualan!$D$2:$D$5998,$G$5+1),""),"") -> Oli Hidrolik ISO 68 (1x20L) | C14: =IFERROR(IF(AND($G$5<>"",INDEX(Data_Penjualan!$A$2:$A$5998,$G$5+1)=$C$5),INDEX(Data_Penjualan!$E$2:$E$5998,$G$5+1),""),"") -> 3 | D14: =IFERROR(IF(AND($G$5<>"",INDEX(Data_Penjualan!$A$2:$A$5998,$G$5+1)=$C$5),INDEX(Data_Penjualan!$F$2:$F$5998,$G$5+1),""),"") -> PAIL | E14: =IFERROR(IF(AND($G$5<>"",INDEX(Data_Penjualan!$A$2:$A$5998,$G$5+1)=$C$5),INDEX(Data_Penjualan!$G$2:$G$5998,$G$5+1),""),"") -> 2371100
A15: =IF(B15="","",3) -> 3 | B15: =IFERROR(IF(AND($G$5<>"",INDEX(Data_Penjualan!$A$2:$A$5998,$G$5+2)=$C$5),INDEX(Data_Penjualan!$D$2:$D$5998,$G$5+2),""),"") -> Coolant Radiator Hijau (12x1L) | C15: =IFERROR(IF(AND($G$5<>"",INDEX(Data_Penjualan!$A$2:$A$5998,$G$5+2)=$C$5),INDEX(Data_Penjualan!$E$2:$E$5998,$G$5+2),""),"") -> 4 | D15: =IFERROR(IF(AND($G$5<>"",INDEX(Data_Penjualan!$A$2:$A$5998,$G$5+2)=$C$5),INDEX(Data_Penjualan!$F$2:$F$5998,$G$5+2),""),"") -> DUS | E15: =IFERROR(IF(AND($G$5<>"",INDEX(Data_Penjualan!$A$2:$A$5998,$G$5+2)=$C$5),INDEX(Data_Penjualan!$G$2:$G$5998,$G$5+2),""),"") -> 1761700
A16: =IF(B16="","",4) -> 4 | B16: =IFERROR(IF(AND($G$5<>"",INDEX(Data_Penjualan!$A$2:$A$5998,$G$5+3)=$C$5),INDEX(Data_Penjualan!$D$2:$D$5998,$G$5+3),""),"") -> Oli Mesin Mobil Bensin SAE 10W-40 (6x1L) | C16: =IFERROR(IF(AND($G$5<>"",INDEX(Data_Penjualan!$A$2:$A$5998,$G$5+3)=$C$5),INDEX(Data_Penjualan!$E$2:$E$5998,$G$5+3),""),"") -> 4 | D16: =IFERROR(IF(AND($G$5<>"",INDEX(Data_Penjualan!$A$2:$A$5998,$G$5+3)=$C$5),INDEX(Data_Penjualan!$F$2:$F$5998,$G$5+3),""),"") -> DUS | E16: =IFERROR(IF(AND($G$5<>"",INDEX(Data_Penjualan!$A$2:$A$5998,$G$5+3)=$C$5),INDEX(Data_Penjualan!$G$2:$G$5998,$G$5+3),""),"") -> 2494100
A17: =IF(B17="","",5) -> 5 | B17: =IFERROR(IF(AND($G$5<>"",INDEX(Data_Penjualan!$A$2:$A$5998,$G$5+4)=$C$5),INDEX(Data_Penjualan!$D$2:$D$5998,$G$5+4),""),"") -> Oli Mesin Mobil Bensin SAE 20W-50 (6x1L) | C17: =IFERROR(IF(AND($G$5<>"",INDEX(Data_Penjualan!$A$2:$A$5998,$G$5+4)=$C$5),INDEX(Data_Penjualan!$E$2:$E$5998,$G$5+4),""),"") -> 5 | D17: =IFERROR(IF(AND($G$5<>"",INDEX(Data_Penjualan!$A$2:$A$5998,$G$5+4)=$C$5),INDEX(Data_Penjualan!$F$2:$F$5998,$G$5+4),""),"") -> DUS | E17: =IFERROR(IF(AND($G$5<>"",INDEX(Data_Penjualan!$A$2:$A$5998,$G$5+4)=$C$5),INDEX(Data_Penjualan!$G$2:$G$5998,$G$5+4),""),"") -> 2880000
A18: =IF(B18="","",6) -> 6 | B18: =IFERROR(IF(AND($G$5<>"",INDEX(Data_Penjualan!$A$2:$A$5998,$G$5+5)=$C$5),INDEX(Data_Penjualan!$D$2:$D$5998,$G$5+5),""),"") -> Oli Samping 2T (24x0.8L) | C18: =IFERROR(IF(AND($G$5<>"",INDEX(Data_Penjualan!$A$2:$A$5998,$G$5+5)=$C$5),INDEX(Data_Penjualan!$E$2:$E$5998,$G$5+5),""),"") -> 5 | D18: =IFERROR(IF(AND($G$5<>"",INDEX(Data_Penjualan!$A$2:$A$5998,$G$5+5)=$C$5),INDEX(Data_Penjualan!$F$2:$F$5998,$G$5+5),""),"") -> DUS | E18: =IFERROR(IF(AND($G$5<>"",INDEX(Data_Penjualan!$A$2:$A$5998,$G$5+5)=$C$5),INDEX(Data_Penjualan!$G$2:$G$5998,$G$5+5),""),"") -> 1853500
A19: =IF(B19="","",7) -> 7 | B19: =IFERROR(IF(AND($G$5<>"",INDEX(Data_Penjualan!$A$2:$A$5998,$G$5+6)=$C$5),INDEX(Data_Penjualan!$D$2:$D$5998,$G$5+6),""),"") -> Oli Gear Industri ISO 220 (1x20L) | C19: =IFERROR(IF(AND($G$5<>"",INDEX(Data_Penjualan!$A$2:$A$5998,$G$5+6)=$C$5),INDEX(Data_Penjualan!$E$2:$E$5998,$G$5+6),""),"") -> 6 | D19: =IFERROR(IF(AND($G$5<>"",INDEX(Data_Penjualan!$A$2:$A$5998,$G$5+6)=$C$5),INDEX(Data_Penjualan!$F$2:$F$5998,$G$5+6),""),"") -> PAIL | E19: =IFERROR(IF(AND($G$5<>"",INDEX(Data_Penjualan!$A$2:$A$5998,$G$5+6)=$C$5),INDEX(Data_Penjualan!$G$2:$G$5998,$G$5+6),""),"") -> 5752300
A20: =IF(B20="","",8) | B20: =IFERROR(IF(AND($G$5<>"",INDEX(Data_Penjualan!$A$2:$A$5998,$G$5+7)=$C$5),INDEX(Data_Penjualan!$D$2:$D$5998,$G$5+7),""),"") | C20: =IFERROR(IF(AND($G$5<>"",INDEX(Data_Penjualan!$A$2:$A$5998,$G$5+7)=$C$5),INDEX(Data_Penjualan!$E$2:$E$5998,$G$5+7),""),"") | D20: =IFERROR(IF(AND($G$5<>"",INDEX(Data_Penjualan!$A$2:$A$5998,$G$5+7)=$C$5),INDEX(Data_Penjualan!$F$2:$F$5998,$G$5+7),""),"") | E20: =IFERROR(IF(AND($G$5<>"",INDEX(Data_Penjualan!$A$2:$A$5998,$G$5+7)=$C$5),INDEX(Data_Penjualan!$G$2:$G$5998,$G$5+7),""),"")
A21: =IF(B21="","",9) | B21: =IFERROR(IF(AND($G$5<>"",INDEX(Data_Penjualan!$A$2:$A$5998,$G$5+8)=$C$5),INDEX(Data_Penjualan!$D$2:$D$5998,$G$5+8),""),"") | C21: =IFERROR(IF(AND($G$5<>"",INDEX(Data_Penjualan!$A$2:$A$5998,$G$5+8)=$C$5),INDEX(Data_Penjualan!$E$2:$E$5998,$G$5+8),""),"") | D21: =IFERROR(IF(AND($G$5<>"",INDEX(Data_Penjualan!$A$2:$A$5998,$G$5+8)=$C$5),INDEX(Data_Penjualan!$F$2:$F$5998,$G$5+8),""),"") | E21: =IFERROR(IF(AND($G$5<>"",INDEX(Data_Penjualan!$A$2:$A$5998,$G$5+8)=$C$5),INDEX(Data_Penjualan!$G$2:$G$5998,$G$5+8),""),"")
A22: =IF(B22="","",10) | B22: =IFERROR(IF(AND($G$5<>"",INDEX(Data_Penjualan!$A$2:$A$5998,$G$5+9)=$C$5),INDEX(Data_Penjualan!$D$2:$D$5998,$G$5+9),""),"") | C22: =IFERROR(IF(AND($G$5<>"",INDEX(Data_Penjualan!$A$2:$A$5998,$G$5+9)=$C$5),INDEX(Data_Penjualan!$E$2:$E$5998,$G$5+9),""),"") | D22: =IFERROR(IF(AND($G$5<>"",INDEX(Data_Penjualan!$A$2:$A$5998,$G$5+9)=$C$5),INDEX(Data_Penjualan!$F$2:$F$5998,$G$5+9),""),"") | E22: =IFERROR(IF(AND($G$5<>"",INDEX(Data_Penjualan!$A$2:$A$5998,$G$5+9)=$C$5),INDEX(Data_Penjualan!$G$2:$G$5998,$G$5+9),""),"")
A23: =IF(B23="","",11) | B23: =IFERROR(IF(AND($G$5<>"",INDEX(Data_Penjualan!$A$2:$A$5998,$G$5+10)=$C$5),INDEX(Data_Penjualan!$D$2:$D$5998,$G$5+10),""),"") | C23: =IFERROR(IF(AND($G$5<>"",INDEX(Data_Penjualan!$A$2:$A$5998,$G$5+10)=$C$5),INDEX(Data_Penjualan!$E$2:$E$5998,$G$5+10),""),"") | D23: =IFERROR(IF(AND($G$5<>"",INDEX(Data_Penjualan!$A$2:$A$5998,$G$5+10)=$C$5),INDEX(Data_Penjualan!$F$2:$F$5998,$G$5+10),""),"") | E23: =IFERROR(IF(AND($G$5<>"",INDEX(Data_Penjualan!$A$2:$A$5998,$G$5+10)=$C$5),INDEX(Data_Penjualan!$G$2:$G$5998,$G$5+10),""),"")
A24: =IF(B24="","",12) | B24: =IFERROR(IF(AND($G$5<>"",INDEX(Data_Penjualan!$A$2:$A$5998,$G$5+11)=$C$5),INDEX(Data_Penjualan!$D$2:$D$5998,$G$5+11),""),"") | C24: =IFERROR(IF(AND($G$5<>"",INDEX(Data_Penjualan!$A$2:$A$5998,$G$5+11)=$C$5),INDEX(Data_Penjualan!$E$2:$E$5998,$G$5+11),""),"") | D24: =IFERROR(IF(AND($G$5<>"",INDEX(Data_Penjualan!$A$2:$A$5998,$G$5+11)=$C$5),INDEX(Data_Penjualan!$F$2:$F$5998,$G$5+11),""),"") | E24: =IFERROR(IF(AND($G$5<>"",INDEX(Data_Penjualan!$A$2:$A$5998,$G$5+11)=$C$5),INDEX(Data_Penjualan!$G$2:$G$5998,$G$5+11),""),"")
A25: =IF(B25="","",13) | B25: =IFERROR(IF(AND($G$5<>"",INDEX(Data_Penjualan!$A$2:$A$5998,$G$5+12)=$C$5),INDEX(Data_Penjualan!$D$2:$D$5998,$G$5+12),""),"") | C25: =IFERROR(IF(AND($G$5<>"",INDEX(Data_Penjualan!$A$2:$A$5998,$G$5+12)=$C$5),INDEX(Data_Penjualan!$E$2:$E$5998,$G$5+12),""),"") | D25: =IFERROR(IF(AND($G$5<>"",INDEX(Data_Penjualan!$A$2:$A$5998,$G$5+12)=$C$5),INDEX(Data_Penjualan!$F$2:$F$5998,$G$5+12),""),"") | E25: =IFERROR(IF(AND($G$5<>"",INDEX(Data_Penjualan!$A$2:$A$5998,$G$5+12)=$C$5),INDEX(Data_Penjualan!$G$2:$G$5998,$G$5+12),""),"")
A26: =IF(B26="","",14) | B26: =IFERROR(IF(AND($G$5<>"",INDEX(Data_Penjualan!$A$2:$A$5998,$G$5+13)=$C$5),INDEX(Data_Penjualan!$D$2:$D$5998,$G$5+13),""),"") | C26: =IFERROR(IF(AND($G$5<>"",INDEX(Data_Penjualan!$A$2:$A$5998,$G$5+13)=$C$5),INDEX(Data_Penjualan!$E$2:$E$5998,$G$5+13),""),"") | D26: =IFERROR(IF(AND($G$5<>"",INDEX(Data_Penjualan!$A$2:$A$5998,$G$5+13)=$C$5),INDEX(Data_Penjualan!$F$2:$F$5998,$G$5+13),""),"") | E26: =IFERROR(IF(AND($G$5<>"",INDEX(Data_Penjualan!$A$2:$A$5998,$G$5+13)=$C$5),INDEX(Data_Penjualan!$G$2:$G$5998,$G$5+13),""),"")
A27: =IF(B27="","",15) | B27: =IFERROR(IF(AND($G$5<>"",INDEX(Data_Penjualan!$A$2:$A$5998,$G$5+14)=$C$5),INDEX(Data_Penjualan!$D$2:$D$5998,$G$5+14),""),"") | C27: =IFERROR(IF(AND($G$5<>"",INDEX(Data_Penjualan!$A$2:$A$5998,$G$5+14)=$C$5),INDEX(Data_Penjualan!$E$2:$E$5998,$G$5+14),""),"") | D27: =IFERROR(IF(AND($G$5<>"",INDEX(Data_Penjualan!$A$2:$A$5998,$G$5+14)=$C$5),INDEX(Data_Penjualan!$F$2:$F$5998,$G$5+14),""),"") | E27: =IFERROR(IF(AND($G$5<>"",INDEX(Data_Penjualan!$A$2:$A$5998,$G$5+14)=$C$5),INDEX(Data_Penjualan!$G$2:$G$5998,$G$5+14),""),"")
A28: =IF(B28="","",16) | B28: =IFERROR(IF(AND($G$5<>"",INDEX(Data_Penjualan!$A$2:$A$5998,$G$5+15)=$C$5),INDEX(Data_Penjualan!$D$2:$D$5998,$G$5+15),""),"") | C28: =IFERROR(IF(AND($G$5<>"",INDEX(Data_Penjualan!$A$2:$A$5998,$G$5+15)=$C$5),INDEX(Data_Penjualan!$E$2:$E$5998,$G$5+15),""),"") | D28: =IFERROR(IF(AND($G$5<>"",INDEX(Data_Penjualan!$A$2:$A$5998,$G$5+15)=$C$5),INDEX(Data_Penjualan!$F$2:$F$5998,$G$5+15),""),"") | E28: =IFERROR(IF(AND($G$5<>"",INDEX(Data_Penjualan!$A$2:$A$5998,$G$5+15)=$C$5),INDEX(Data_Penjualan!$G$2:$G$5998,$G$5+15),""),"")
A29: =IF(B29="","",17) | B29: =IFERROR(IF(AND($G$5<>"",INDEX(Data_Penjualan!$A$2:$A$5998,$G$5+16)=$C$5),INDEX(Data_Penjualan!$D$2:$D$5998,$G$5+16),""),"") | C29: =IFERROR(IF(AND($G$5<>"",INDEX(Data_Penjualan!$A$2:$A$5998,$G$5+16)=$C$5),INDEX(Data_Penjualan!$E$2:$E$5998,$G$5+16),""),"") | D29: =IFERROR(IF(AND($G$5<>"",INDEX(Data_Penjualan!$A$2:$A$5998,$G$5+16)=$C$5),INDEX(Data_Penjualan!$F$2:$F$5998,$G$5+16),""),"") | E29: =IFERROR(IF(AND($G$5<>"",INDEX(Data_Penjualan!$A$2:$A$5998,$G$5+16)=$C$5),INDEX(Data_Penjualan!$G$2:$G$5998,$G$5+16),""),"")
A30: =IF(B30="","",18) | B30: =IFERROR(IF(AND($G$5<>"",INDEX(Data_Penjualan!$A$2:$A$5998,$G$5+17)=$C$5),INDEX(Data_Penjualan!$D$2:$D$5998,$G$5+17),""),"") | C30: =IFERROR(IF(AND($G$5<>"",INDEX(Data_Penjualan!$A$2:$A$5998,$G$5+17)=$C$5),INDEX(Data_Penjualan!$E$2:$E$5998,$G$5+17),""),"") | D30: =IFERROR(IF(AND($G$5<>"",INDEX(Data_Penjualan!$A$2:$A$5998,$G$5+17)=$C$5),INDEX(Data_Penjualan!$F$2:$F$5998,$G$5+17),""),"") | E30: =IFERROR(IF(AND($G$5<>"",INDEX(Data_Penjualan!$A$2:$A$5998,$G$5+17)=$C$5),INDEX(Data_Penjualan!$G$2:$G$5998,$G$5+17),""),"")
A31: =IF(B31="","",19) | B31: =IFERROR(IF(AND($G$5<>"",INDEX(Data_Penjualan!$A$2:$A$5998,$G$5+18)=$C$5),INDEX(Data_Penjualan!$D$2:$D$5998,$G$5+18),""),"") | C31: =IFERROR(IF(AND($G$5<>"",INDEX(Data_Penjualan!$A$2:$A$5998,$G$5+18)=$C$5),INDEX(Data_Penjualan!$E$2:$E$5998,$G$5+18),""),"") | D31: =IFERROR(IF(AND($G$5<>"",INDEX(Data_Penjualan!$A$2:$A$5998,$G$5+18)=$C$5),INDEX(Data_Penjualan!$F$2:$F$5998,$G$5+18),""),"") | E31: =IFERROR(IF(AND($G$5<>"",INDEX(Data_Penjualan!$A$2:$A$5998,$G$5+18)=$C$5),INDEX(Data_Penjualan!$G$2:$G$5998,$G$5+18),""),"")
A32: =IF(B32="","",20) | B32: =IFERROR(IF(AND($G$5<>"",INDEX(Data_Penjualan!$A$2:$A$5998,$G$5+19)=$C$5),INDEX(Data_Penjualan!$D$2:$D$5998,$G$5+19),""),"") | C32: =IFERROR(IF(AND($G$5<>"",INDEX(Data_Penjualan!$A$2:$A$5998,$G$5+19)=$C$5),INDEX(Data_Penjualan!$E$2:$E$5998,$G$5+19),""),"") | D32: =IFERROR(IF(AND($G$5<>"",INDEX(Data_Penjualan!$A$2:$A$5998,$G$5+19)=$C$5),INDEX(Data_Penjualan!$F$2:$F$5998,$G$5+19),""),"") | E32: =IFERROR(IF(AND($G$5<>"",INDEX(Data_Penjualan!$A$2:$A$5998,$G$5+19)=$C$5),INDEX(Data_Penjualan!$G$2:$G$5998,$G$5+19),""),"")
D33: Total Faktur | E33: =IFERROR(INDEX(Piutang!$F$2:$F$1751,MATCH($C$5,Piutang!$A$2:$A$1751,0)),0) -> 21381000
D34: Sudah Dibayar | E34: =IFERROR(INDEX(Piutang!$K$2:$K$1751,MATCH($C$5,Piutang!$A$2:$A$1751,0)),0) -> 0
D35: Sisa Tagihan | E35: =E33-E34 -> 21381000
D36: Status | E36: =IFERROR(INDEX(Piutang!$N$2:$N$1751,MATCH($C$5,Piutang!$A$2:$A$1751,0)),"") -> Belum Bayar
A38: =IF(COUNTIF(Data_Penjualan!$A$2:$A$5998,$C$5)>20,"Catatan: faktur memiliki "&COUNTIF(Data_Penjualan!$A$2:$A$5998,$C$5)&" baris item; lembar ini menampilkan 20 baris pertama, total tetap mencakup seluruh item.","")
A40: Diterima oleh, | E40: Hormat kami,
A44: (............................) | E44: (............................)

Sheet Jadwal_Tagih
A1: JADWAL PENAGIHAN HARIAN
A2: Tanggal kerja | B2: =Catatan!B3 -> 46022
A3: Daftar 25 faktur overdue paling mendesak (urut hari terlambat terbesar). Kolom K-L diisi saat di lapangan; hasil resmi dicatat di sheet Log_Penagihan.
A5: No | B5: No. Invoice | C5: Nama Customer | D5: Salesman | E5: Sisa Piutang (Rp) | F5: Jatuh Tempo | G5: Hari Terlambat | H5: Prioritas | I5: Status Tukar Faktur | J5: Catatan Terakhir | K5: Hasil Kunjungan | L5: Tgl Janji Bayar | M5: Baris (helper)
A6: 1 | B6: =IF($M6="","",INDEX(Piutang!$A$2:$A$1751,$M6)) -> INV-0040 | C6: =IF($M6="","",INDEX(Piutang!$D$2:$D$1751,$M6)) -> CAHAYA OLI | D6: =IF($M6="","",INDEX(Piutang!$E$2:$E$1751,$M6)) -> SALES A | E6: =IF($M6="","",INDEX(Piutang!$M$2:$M$1751,$M6)) -> 1948100 | F6: =IF($M6="","",INDEX(Piutang!$H$2:$H$1751,$M6)) -> 45697 | G6: =IF($M6="","",INDEX(Piutang!$O$2:$O$1751,$M6)) -> 325 | H6: =IF($M6="","",INDEX(Piutang!$R$2:$R$1751,$M6)) -> 1-Tinggi | I6: =IF($M6="","",INDEX(Piutang!$J$2:$J$1751,$M6)) -> Sudah ditukar | J6: =IF($M6="","",INDEX(Piutang!$Q$2:$Q$1751,$M6)) -> Sudah dihubungi via WA, janji bayar minggu depan | M6: =IFERROR(MATCH(LARGE(Piutang!$S$2:$S$1751,A6),Piutang!$S$2:$S$1751,0),"") -> 40
A7: 2 | B7: =IF($M7="","",INDEX(Piutang!$A$2:$A$1751,$M7)) -> INV-0113 | C7: =IF($M7="","",INDEX(Piutang!$D$2:$D$1751,$M7)) -> PRIMA TEKNIK | D7: =IF($M7="","",INDEX(Piutang!$E$2:$E$1751,$M7)) -> SALES D | E7: =IF($M7="","",INDEX(Piutang!$M$2:$M$1751,$M7)) -> 5680100 | F7: =IF($M7="","",INDEX(Piutang!$H$2:$H$1751,$M7)) -> 45715 | G7: =IF($M7="","",INDEX(Piutang!$O$2:$O$1751,$M7)) -> 307 | H7: =IF($M7="","",INDEX(Piutang!$R$2:$R$1751,$M7)) -> 1-Tinggi | I7: =IF($M7="","",INDEX(Piutang!$J$2:$J$1751,$M7)) -> Sudah ditukar | J7: =IF($M7="","",INDEX(Piutang!$Q$2:$Q$1751,$M7)) -> Outlet menunda bayar, perlu kunjungan ulang | M7: =IFERROR(MATCH(LARGE(Piutang!$S$2:$S$1751,A7),Piutang!$S$2:$S$1751,0),"") -> 113
A8: 3 | B8: =IF($M8="","",INDEX(Piutang!$A$2:$A$1751,$M8)) -> INV-0219 | C8: =IF($M8="","",INDEX(Piutang!$D$2:$D$1751,$M8)) -> UTAMA MOTOR | D8: =IF($M8="","",INDEX(Piutang!$E$2:$E$1751,$M8)) -> SALES C | E8: =IF($M8="","",INDEX(Piutang!$M$2:$M$1751,$M8)) -> 5052500 | F8: =IF($M8="","",INDEX(Piutang!$H$2:$H$1751,$M8)) -> 45720 | G8: =IF($M8="","",INDEX(Piutang!$O$2:$O$1751,$M8)) -> 302 | H8: =IF($M8="","",INDEX(Piutang!$R$2:$R$1751,$M8)) -> 1-Tinggi | I8: =IF($M8="","",INDEX(Piutang!$J$2:$J$1751,$M8)) -> Sudah ditukar | J8: =IF($M8="","",INDEX(Piutang!$Q$2:$Q$1751,$M8)) -> Sudah dihubungi via WA, janji bayar minggu depan | M8: =IFERROR(MATCH(LARGE(Piutang!$S$2:$S$1751,A8),Piutang!$S$2:$S$1751,0),"") -> 219
A9: 4 | B9: =IF($M9="","",INDEX(Piutang!$A$2:$A$1751,$M9)) -> INV-0161 | C9: =IF($M9="","",INDEX(Piutang!$D$2:$D$1751,$M9)) -> SINAR GARAGE | D9: =IF($M9="","",INDEX(Piutang!$E$2:$E$1751,$M9)) -> SALES A | E9: =IF($M9="","",INDEX(Piutang!$M$2:$M$1751,$M9)) -> 1529700 | F9: =IF($M9="","",INDEX(Piutang!$H$2:$H$1751,$M9)) -> 45723 | G9: =IF($M9="","",INDEX(Piutang!$O$2:$O$1751,$M9)) -> 299 | H9: =IF($M9="","",INDEX(Piutang!$R$2:$R$1751,$M9)) -> 1-Tinggi | I9: =IF($M9="","",INDEX(Piutang!$J$2:$J$1751,$M9)) -> Sudah ditukar | J9: =IF($M9="","",INDEX(Piutang!$Q$2:$Q$1751,$M9)) -> Kunjungan tagih dijadwalkan | M9: =IFERROR(MATCH(LARGE(Piutang!$S$2:$S$1751,A9),Piutang!$S$2:$S$1751,0),"") -> 161
A10: 5 | B10: =IF($M10="","",INDEX(Piutang!$A$2:$A$1751,$M10)) -> INV-0240 | C10: =IF($M10="","",INDEX(Piutang!$D$2:$D$1751,$M10)) -> BERKAH MOBIL MAKMUR | D10: =IF($M10="","",INDEX(Piutang!$E$2:$E$1751,$M10)) -> SALES D | E10: =IF($M10="","",INDEX(Piutang!$M$2:$M$1751,$M10)) -> 16047200 | F10: =IF($M10="","",INDEX(Piutang!$H$2:$H$1751,$M10)) -> 45724 | G10: =IF($M10="","",INDEX(Piutang!$O$2:$O$1751,$M10)) -> 298 | H10: =IF($M10="","",INDEX(Piutang!$R$2:$R$1751,$M10)) -> 1-Tinggi | I10: =IF($M10="","",INDEX(Piutang!$J$2:$J$1751,$M10)) -> Sudah ditukar | J10: =IF($M10="","",INDEX(Piutang!$Q$2:$Q$1751,$M10)) -> Eskalasi ke supervisor | M10: =IFERROR(MATCH(LARGE(Piutang!$S$2:$S$1751,A10),Piutang!$S$2:$S$1751,0),"") -> 240
A11: 6 | B11: =IF($M11="","",INDEX(Piutang!$A$2:$A$1751,$M11)) -> INV-0178 | C11: =IF($M11="","",INDEX(Piutang!$D$2:$D$1751,$M11)) -> MITRA BENGKEL | D11: =IF($M11="","",INDEX(Piutang!$E$2:$E$1751,$M11)) -> SALES A | E11: =IF($M11="","",INDEX(Piutang!$M$2:$M$1751,$M11)) -> 8904800 | F11: =IF($M11="","",INDEX(Piutang!$H$2:$H$1751,$M11)) -> 45725 | G11: =IF($M11="","",INDEX(Piutang!$O$2:$O$1751,$M11)) -> 297 | H11: =IF($M11="","",INDEX(Piutang!$R$2:$R$1751,$M11)) -> 1-Tinggi | I11: =IF($M11="","",INDEX(Piutang!$J$2:$J$1751,$M11)) -> Sudah ditukar | J11: =IF($M11="","",INDEX(Piutang!$Q$2:$Q$1751,$M11)) -> Surat peringatan (SP) 1 dikirim | M11: =IFERROR(MATCH(LARGE(Piutang!$S$2:$S$1751,A11),Piutang!$S$2:$S$1751,0),"") -> 178
A12: 7 | B12: =IF($M12="","",INDEX(Piutang!$A$2:$A$1751,$M12)) -> INV-0109 | C12: =IF($M12="","",INDEX(Piutang!$D$2:$D$1751,$M12)) -> KARYA SPAREPART | D12: =IF($M12="","",INDEX(Piutang!$E$2:$E$1751,$M12)) -> SALES B | E12: =IF($M12="","",INDEX(Piutang!$M$2:$M$1751,$M12)) -> 1732600 | F12: =IF($M12="","",INDEX(Piutang!$H$2:$H$1751,$M12)) -> 45727 | G12: =IF($M12="","",INDEX(Piutang!$O$2:$O$1751,$M12)) -> 295 | H12: =IF($M12="","",INDEX(Piutang!$R$2:$R$1751,$M12)) -> 1-Tinggi | I12: =IF($M12="","",INDEX(Piutang!$J$2:$J$1751,$M12)) -> Sudah ditukar | J12: =IF($M12="","",INDEX(Piutang!$Q$2:$Q$1751,$M12)) -> Janji bayar tanggal 10 Jan 2026 | M12: =IFERROR(MATCH(LARGE(Piutang!$S$2:$S$1751,A12),Piutang!$S$2:$S$1751,0),"") -> 109
A13: 8 | B13: =IF($M13="","",INDEX(Piutang!$A$2:$A$1751,$M13)) -> INV-0261 | C13: =IF($M13="","",INDEX(Piutang!$D$2:$D$1751,$M13)) -> PRIMA MOTOR LANCAR | D13: =IF($M13="","",INDEX(Piutang!$E$2:$E$1751,$M13)) -> SALES B | E13: =IF($M13="","",INDEX(Piutang!$M$2:$M$1751,$M13)) -> 5950800 | F13: =IF($M13="","",INDEX(Piutang!$H$2:$H$1751,$M13)) -> 45729 | G13: =IF($M13="","",INDEX(Piutang!$O$2:$O$1751,$M13)) -> 293 | H13: =IF($M13="","",INDEX(Piutang!$R$2:$R$1751,$M13)) -> 1-Tinggi | I13: =IF($M13="","",INDEX(Piutang!$J$2:$J$1751,$M13)) -> Sudah ditukar | J13: =IF($M13="","",INDEX(Piutang!$Q$2:$Q$1751,$M13)) -> Kunjungan tagih dijadwalkan | M13: =IFERROR(MATCH(LARGE(Piutang!$S$2:$S$1751,A13),Piutang!$S$2:$S$1751,0),"") -> 261
A14: 9 | B14: =IF($M14="","",INDEX(Piutang!$A$2:$A$1751,$M14)) -> INV-0226 | C14: =IF($M14="","",INDEX(Piutang!$D$2:$D$1751,$M14)) -> MITRA GARAGE | D14: =IF($M14="","",INDEX(Piutang!$E$2:$E$1751,$M14)) -> SALES A | E14: =IF($M14="","",INDEX(Piutang!$M$2:$M$1751,$M14)) -> 2209000 | F14: =IF($M14="","",INDEX(Piutang!$H$2:$H$1751,$M14)) -> 45752 | G14: =IF($M14="","",INDEX(Piutang!$O$2:$O$1751,$M14)) -> 270 | H14: =IF($M14="","",INDEX(Piutang!$R$2:$R$1751,$M14)) -> 1-Tinggi | I14: =IF($M14="","",INDEX(Piutang!$J$2:$J$1751,$M14)) -> Sudah ditukar | J14: =IF($M14="","",INDEX(Piutang!$Q$2:$Q$1751,$M14)) -> Kunjungan tagih dijadwalkan | M14: =IFERROR(MATCH(LARGE(Piutang!$S$2:$S$1751,A14),Piutang!$S$2:$S$1751,0),"") -> 226
A15: 10 | B15: =IF($M15="","",INDEX(Piutang!$A$2:$A$1751,$M15)) -> INV-0282 | C15: =IF($M15="","",INDEX(Piutang!$D$2:$D$1751,$M15)) -> HARAPAN MOTOR | D15: =IF($M15="","",INDEX(Piutang!$E$2:$E$1751,$M15)) -> SALES C | E15: =IF($M15="","",INDEX(Piutang!$M$2:$M$1751,$M15)) -> 11783000 | F15: =IF($M15="","",INDEX(Piutang!$H$2:$H$1751,$M15)) -> 45762 | G15: =IF($M15="","",INDEX(Piutang!$O$2:$O$1751,$M15)) -> 260 | H15: =IF($M15="","",INDEX(Piutang!$R$2:$R$1751,$M15)) -> 1-Tinggi | I15: =IF($M15="","",INDEX(Piutang!$J$2:$J$1751,$M15)) -> Sudah ditukar | J15: =IF($M15="","",INDEX(Piutang!$Q$2:$Q$1751,$M15)) -> Kunjungan tagih dijadwalkan | M15: =IFERROR(MATCH(LARGE(Piutang!$S$2:$S$1751,A15),Piutang!$S$2:$S$1751,0),"") -> 282
A16: 11 | B16: =IF($M16="","",INDEX(Piutang!$A$2:$A$1751,$M16)) -> INV-0409 | C16: =IF($M16="","",INDEX(Piutang!$D$2:$D$1751,$M16)) -> GEMILANG TEKNIK | D16: =IF($M16="","",INDEX(Piutang!$E$2:$E$1751,$M16)) -> SALES B | E16: =IF($M16="","",INDEX(Piutang!$M$2:$M$1751,$M16)) -> 7894400 | F16: =IF($M16="","",INDEX(Piutang!$H$2:$H$1751,$M16)) -> 45777 | G16: =IF($M16="","",INDEX(Piutang!$O$2:$O$1751,$M16)) -> 245 | H16: =IF($M16="","",INDEX(Piutang!$R$2:$R$1751,$M16)) -> 1-Tinggi | I16: =IF($M16="","",INDEX(Piutang!$J$2:$J$1751,$M16)) -> Sudah ditukar | J16: =IF($M16="","",INDEX(Piutang!$Q$2:$Q$1751,$M16)) -> Kunjungan tagih dijadwalkan | M16: =IFERROR(MATCH(LARGE(Piutang!$S$2:$S$1751,A16),Piutang!$S$2:$S$1751,0),"") -> 409
A17: 12 | B17: =IF($M17="","",INDEX(Piutang!$A$2:$A$1751,$M17)) -> INV-0438 | C17: =IF($M17="","",INDEX(Piutang!$D$2:$D$1751,$M17)) -> SUMBER TEKNIK SURYA | D17: =IF($M17="","",INDEX(Piutang!$E$2:$E$1751,$M17)) -> SALES D | E17: =IF($M17="","",INDEX(Piutang!$M$2:$M$1751,$M17)) -> 5142900 | F17: =IF($M17="","",INDEX(Piutang!$H$2:$H$1751,$M17)) -> 45784 | G17: =IF($M17="","",INDEX(Piutang!$O$2:$O$1751,$M17)) -> 238 | H17: =IF($M17="","",INDEX(Piutang!$R$2:$R$1751,$M17)) -> 1-Tinggi | I17: =IF($M17="","",INDEX(Piutang!$J$2:$J$1751,$M17)) -> Sudah ditukar | J17: =IF($M17="","",INDEX(Piutang!$Q$2:$Q$1751,$M17)) -> Menunggu pencairan giro | M17: =IFERROR(MATCH(LARGE(Piutang!$S$2:$S$1751,A17),Piutang!$S$2:$S$1751,0),"") -> 438
... A30: 25 | B30: =IF($M30="","",INDEX(Piutang!$A$2:$A$1751,$M30)) -> INV-1176 | C30: =IF($M30="","",INDEX(Piutang!$D$2:$D$1751,$M30)) -> ABADI AUTO SURYA | D30: =IF($M30="","",INDEX(Piutang!$E$2:$E$1751,$M30)) -> SALES D | E30: =IF($M30="","",INDEX(Piutang!$M$2:$M$1751,$M30)) -> 4237200 | F30: =IF($M30="","",INDEX(Piutang!$H$2:$H$1751,$M30)) -> 45922 | G30: =IF($M30="","",INDEX(Piutang!$O$2:$O$1751,$M30)) -> 100 | H30: =IF($M30="","",INDEX(Piutang!$R$2:$R$1751,$M30)) -> 1-Tinggi | I30: =IF($M30="","",INDEX(Piutang!$J$2:$J$1751,$M30)) -> Sudah ditukar | J30: =IF($M30="","",INDEX(Piutang!$Q$2:$Q$1751,$M30)) -> Eskalasi ke supervisor | M30: =IFERROR(MATCH(LARGE(Piutang!$S$2:$S$1751,A30),Piutang!$S$2:$S$1751,0),"") -> 1176
D31: TOTAL | E31: =SUM(E6:E30) -> 142849200

Sheet Tukar_Faktur
A1: TRACKER TUKAR FAKTUR
A2: Faktur yang belum ditukar: | C2: =COUNTIF(Piutang!$J$2:$J$1751,"Belum ditukar") -> 9
A3: Tampil maks. 20 faktur terlama. Isi kolom H (rencana tukar), lalu update Tgl Tukar Faktur di sheet Piutang kalau sudah ditukar.
A5: No | B5: No. Invoice | C5: Nama Customer | D5: Salesman | E5: Tgl Faktur | F5: Nominal (Rp) | G5: Umur Faktur (hari) | H5: Rencana Tukar | I5: Baris (helper)
A6: 1 | B6: =IF($I6="","",INDEX(Piutang!$A$2:$A$1751,$I6)) -> INV-1730 | C6: =IF($I6="","",INDEX(Piutang!$D$2:$D$1751,$I6)) -> BINTANG TEKNIK | D6: =IF($I6="","",INDEX(Piutang!$E$2:$E$1751,$I6)) -> SALES A | E6: =IF($I6="","",INDEX(Piutang!$B$2:$B$1751,$I6)) -> 46020 | F6: =IF($I6="","",INDEX(Piutang!$F$2:$F$1751,$I6)) -> 12035400 | G6: =IF($I6="","",Catatan!$B$3-E6) -> 2 | I6: =IFERROR(SMALL(Piutang!$T$2:$T$1751,A6)-1,"") -> 1730
A7: 2 | B7: =IF($I7="","",INDEX(Piutang!$A$2:$A$1751,$I7)) -> INV-1732 | C7: =IF($I7="","",INDEX(Piutang!$D$2:$D$1751,$I7)) -> UTAMA MOTOR | D7: =IF($I7="","",INDEX(Piutang!$E$2:$E$1751,$I7)) -> SALES C | E7: =IF($I7="","",INDEX(Piutang!$B$2:$B$1751,$I7)) -> 46020 | F7: =IF($I7="","",INDEX(Piutang!$F$2:$F$1751,$I7)) -> 375700 | G7: =IF($I7="","",Catatan!$B$3-E7) -> 2 | I7: =IFERROR(SMALL(Piutang!$T$2:$T$1751,A7)-1,"") -> 1732
A8: 3 | B8: =IF($I8="","",INDEX(Piutang!$A$2:$A$1751,$I8)) -> INV-1733 | C8: =IF($I8="","",INDEX(Piutang!$D$2:$D$1751,$I8)) -> CAHAYA MOTOR | D8: =IF($I8="","",INDEX(Piutang!$E$2:$E$1751,$I8)) -> SALES A | E8: =IF($I8="","",INDEX(Piutang!$B$2:$B$1751,$I8)) -> 46020 | F8: =IF($I8="","",INDEX(Piutang!$F$2:$F$1751,$I8)) -> 5431600 | G8: =IF($I8="","",Catatan!$B$3-E8) -> 2 | I8: =IFERROR(SMALL(Piutang!$T$2:$T$1751,A8)-1,"") -> 1733
A9: 4 | B9: =IF($I9="","",INDEX(Piutang!$A$2:$A$1751,$I9)) -> INV-1736 | C9: =IF($I9="","",INDEX(Piutang!$D$2:$D$1751,$I9)) -> KARYA SPAREPART | D9: =IF($I9="","",INDEX(Piutang!$E$2:$E$1751,$I9)) -> SALES B | E9: =IF($I9="","",INDEX(Piutang!$B$2:$B$1751,$I9)) -> 46020 | F9: =IF($I9="","",INDEX(Piutang!$F$2:$F$1751,$I9)) -> 8626200 | G9: =IF($I9="","",Catatan!$B$3-E9) -> 2 | I9: =IFERROR(SMALL(Piutang!$T$2:$T$1751,A9)-1,"") -> 1736
A10: 5 | B10: =IF($I10="","",INDEX(Piutang!$A$2:$A$1751,$I10)) -> INV-1738 | C10: =IF($I10="","",INDEX(Piutang!$D$2:$D$1751,$I10)) -> BINTANG OLI | D10: =IF($I10="","",INDEX(Piutang!$E$2:$E$1751,$I10)) -> SALES D | E10: =IF($I10="","",INDEX(Piutang!$B$2:$B$1751,$I10)) -> 46020 | F10: =IF($I10="","",INDEX(Piutang!$F$2:$F$1751,$I10)) -> 22228000 | G10: =IF($I10="","",Catatan!$B$3-E10) -> 2 | I10: =IFERROR(SMALL(Piutang!$T$2:$T$1751,A10)-1,"") -> 1738
A11: 6 | B11: =IF($I11="","",INDEX(Piutang!$A$2:$A$1751,$I11)) -> INV-1742 | C11: =IF($I11="","",INDEX(Piutang!$D$2:$D$1751,$I11)) -> HARAPAN OLI TIRTA | D11: =IF($I11="","",INDEX(Piutang!$E$2:$E$1751,$I11)) -> SALES A | E11: =IF($I11="","",INDEX(Piutang!$B$2:$B$1751,$I11)) -> 46021 | F11: =IF($I11="","",INDEX(Piutang!$F$2:$F$1751,$I11)) -> 2781500 | G11: =IF($I11="","",Catatan!$B$3-E11) -> 1 | I11: =IFERROR(SMALL(Piutang!$T$2:$T$1751,A11)-1,"") -> 1742
A12: 7 | B12: =IF($I12="","",INDEX(Piutang!$A$2:$A$1751,$I12)) -> INV-1743 | C12: =IF($I12="","",INDEX(Piutang!$D$2:$D$1751,$I12)) -> SUMBER TEKNIK SURYA | D12: =IF($I12="","",INDEX(Piutang!$E$2:$E$1751,$I12)) -> SALES D | E12: =IF($I12="","",INDEX(Piutang!$B$2:$B$1751,$I12)) -> 46021 | F12: =IF($I12="","",INDEX(Piutang!$F$2:$F$1751,$I12)) -> 5306400 | G12: =IF($I12="","",Catatan!$B$3-E12) -> 1 | I12: =IFERROR(SMALL(Piutang!$T$2:$T$1751,A12)-1,"") -> 1743
A13: 8 | B13: =IF($I13="","",INDEX(Piutang!$A$2:$A$1751,$I13)) -> INV-1746 | C13: =IF($I13="","",INDEX(Piutang!$D$2:$D$1751,$I13)) -> SUMBER TEKNIK SURYA | D13: =IF($I13="","",INDEX(Piutang!$E$2:$E$1751,$I13)) -> SALES D | E13: =IF($I13="","",INDEX(Piutang!$B$2:$B$1751,$I13)) -> 46022 | F13: =IF($I13="","",INDEX(Piutang!$F$2:$F$1751,$I13)) -> 8565500 | G13: =IF($I13="","",Catatan!$B$3-E13) -> 0 | I13: =IFERROR(SMALL(Piutang!$T$2:$T$1751,A13)-1,"") -> 1746
A14: 9 | B14: =IF($I14="","",INDEX(Piutang!$A$2:$A$1751,$I14)) -> INV-1747 | C14: =IF($I14="","",INDEX(Piutang!$D$2:$D$1751,$I14)) -> BINTANG SPAREPART PRIMA | D14: =IF($I14="","",INDEX(Piutang!$E$2:$E$1751,$I14)) -> SALES C | E14: =IF($I14="","",INDEX(Piutang!$B$2:$B$1751,$I14)) -> 46022 | F14: =IF($I14="","",INDEX(Piutang!$F$2:$F$1751,$I14)) -> 8688500 | G14: =IF($I14="","",Catatan!$B$3-E14) -> 0 | I14: =IFERROR(SMALL(Piutang!$T$2:$T$1751,A14)-1,"") -> 1747
A15: 10 | B15: =IF($I15="","",INDEX(Piutang!$A$2:$A$1751,$I15)) | C15: =IF($I15="","",INDEX(Piutang!$D$2:$D$1751,$I15)) | D15: =IF($I15="","",INDEX(Piutang!$E$2:$E$1751,$I15)) | E15: =IF($I15="","",INDEX(Piutang!$B$2:$B$1751,$I15)) | F15: =IF($I15="","",INDEX(Piutang!$F$2:$F$1751,$I15)) | G15: =IF($I15="","",Catatan!$B$3-E15) | I15: =IFERROR(SMALL(Piutang!$T$2:$T$1751,A15)-1,"")
A16: 11 | B16: =IF($I16="","",INDEX(Piutang!$A$2:$A$1751,$I16)) | C16: =IF($I16="","",INDEX(Piutang!$D$2:$D$1751,$I16)) | D16: =IF($I16="","",INDEX(Piutang!$E$2:$E$1751,$I16)) | E16: =IF($I16="","",INDEX(Piutang!$B$2:$B$1751,$I16)) | F16: =IF($I16="","",INDEX(Piutang!$F$2:$F$1751,$I16)) | G16: =IF($I16="","",Catatan!$B$3-E16) | I16: =IFERROR(SMALL(Piutang!$T$2:$T$1751,A16)-1,"")
A17: 12 | B17: =IF($I17="","",INDEX(Piutang!$A$2:$A$1751,$I17)) | C17: =IF($I17="","",INDEX(Piutang!$D$2:$D$1751,$I17)) | D17: =IF($I17="","",INDEX(Piutang!$E$2:$E$1751,$I17)) | E17: =IF($I17="","",INDEX(Piutang!$B$2:$B$1751,$I17)) | F17: =IF($I17="","",INDEX(Piutang!$F$2:$F$1751,$I17)) | G17: =IF($I17="","",Catatan!$B$3-E17) | I17: =IFERROR(SMALL(Piutang!$T$2:$T$1751,A17)-1,"")
... A25: 20 | B25: =IF($I25="","",INDEX(Piutang!$A$2:$A$1751,$I25)) | C25: =IF($I25="","",INDEX(Piutang!$D$2:$D$1751,$I25)) | D25: =IF($I25="","",INDEX(Piutang!$E$2:$E$1751,$I25)) | E25: =IF($I25="","",INDEX(Piutang!$B$2:$B$1751,$I25)) | F25: =IF($I25="","",INDEX(Piutang!$F$2:$F$1751,$I25)) | G25: =IF($I25="","",Catatan!$B$3-E25) | I25: =IFERROR(SMALL(Piutang!$T$2:$T$1751,A25)-1,"")

Sheet Log_Penagihan
A1: LOG PENAGIHAN
A2: Isi kolom BIRU saja (tanggal, no. invoice dari dropdown, hasil, janji bayar). Kolom hitam terisi otomatis. Contoh 14 baris pertama adalah data simulasi.
A4: Tgl Kunjungan | B4: No. Invoice | C4: Nama Customer | D4: Salesman | E4: Sisa Piutang (Rp) | F4: Hari Terlambat | G4: Hasil Kunjungan | H4: Tgl Janji Bayar | I4: Nilai Janji (Rp) | J4: Status Janji | K4: Catatan | M4: RINGKASAN
A5: 46017 | B5: INV-0113 | C5: =IF($B5="","",INDEX(Piutang!$D$2:$D$1751,MATCH($B5,Piutang!$A$2:$A$1751,0))) -> PRIMA TEKNIK | D5: =IF($B5="","",INDEX(Piutang!$E$2:$E$1751,MATCH($B5,Piutang!$A$2:$A$1751,0))) -> SALES D | E5: =IF($B5="","",INDEX(Piutang!$M$2:$M$1751,MATCH($B5,Piutang!$A$2:$A$1751,0))) -> 5680100 | F5: =IF($B5="","",INDEX(Piutang!$O$2:$O$1751,MATCH($B5,Piutang!$A$2:$A$1751,0))) -> 307 | G5: Janji Bayar | H5: 46025 | I5: 5680100 | J5: =IF(G5="","",IF(G5="Janji Bayar",IF(H5="","Isi tgl janji",IF(H5<Catatan!$B$3,"Terlewat - tindak lanjut","Menunggu")),"-")) -> Menunggu | K5: Menunggu giro cair | M5: Total kunjungan | N5: =COUNTA(B5:B200) -> 14
A6: 46017 | B6: INV-0568 | C6: =IF($B6="","",INDEX(Piutang!$D$2:$D$1751,MATCH($B6,Piutang!$A$2:$A$1751,0))) -> SUMBER TEKNIK SURYA | D6: =IF($B6="","",INDEX(Piutang!$E$2:$E$1751,MATCH($B6,Piutang!$A$2:$A$1751,0))) -> SALES D | E6: =IF($B6="","",INDEX(Piutang!$M$2:$M$1751,MATCH($B6,Piutang!$A$2:$A$1751,0))) -> 16041000 | F6: =IF($B6="","",INDEX(Piutang!$O$2:$O$1751,MATCH($B6,Piutang!$A$2:$A$1751,0))) -> 213 | G6: Tidak Ketemu | J6: =IF(G6="","",IF(G6="Janji Bayar",IF(H6="","Isi tgl janji",IF(H6<Catatan!$B$3,"Terlewat - tindak lanjut","Menunggu")),"-")) -> - | K6: Pemilik sedang keluar kota | M6: Janji bayar aktif | N6: =COUNTIF(J5:J200,"Menunggu") -> 4
A7: 46006 | B7: INV-0701 | C7: =IF($B7="","",INDEX(Piutang!$D$2:$D$1751,MATCH($B7,Piutang!$A$2:$A$1751,0))) -> UTAMA MOTOR | D7: =IF($B7="","",INDEX(Piutang!$E$2:$E$1751,MATCH($B7,Piutang!$A$2:$A$1751,0))) -> SALES C | E7: =IF($B7="","",INDEX(Piutang!$M$2:$M$1751,MATCH($B7,Piutang!$A$2:$A$1751,0))) -> 4665000 | F7: =IF($B7="","",INDEX(Piutang!$O$2:$O$1751,MATCH($B7,Piutang!$A$2:$A$1751,0))) -> 202 | G7: Janji Bayar | H7: 46017 | I7: 4665000 | J7: =IF(G7="","",IF(G7="Janji Bayar",IF(H7="","Isi tgl janji",IF(H7<Catatan!$B$3,"Terlewat - tindak lanjut","Menunggu")),"-")) -> Terlewat - tindak lanjut | K7: Janji dikonfirmasi via WA | M7: Janji terlewat | N7: =COUNTIF(J5:J200,"Terlewat*") -> 4
A8: 46000 | B8: INV-0627 | C8: =IF($B8="","",INDEX(Piutang!$D$2:$D$1751,MATCH($B8,Piutang!$A$2:$A$1751,0))) -> SUMBER TEKNIK SURYA | D8: =IF($B8="","",INDEX(Piutang!$E$2:$E$1751,MATCH($B8,Piutang!$A$2:$A$1751,0))) -> SALES D | E8: =IF($B8="","",INDEX(Piutang!$M$2:$M$1751,MATCH($B8,Piutang!$A$2:$A$1751,0))) -> 5004200 | F8: =IF($B8="","",INDEX(Piutang!$O$2:$O$1751,MATCH($B8,Piutang!$A$2:$A$1751,0))) -> 199 | G8: Janji Bayar | H8: 46010 | I8: 5004200 | J8: =IF(G8="","",IF(G8="Janji Bayar",IF(H8="","Isi tgl janji",IF(H8<Catatan!$B$3,"Terlewat - tindak lanjut","Menunggu")),"-")) -> Terlewat - tindak lanjut | K8: Pemilik minta tunggu akhir bulan | M8: Nilai janji (Rp) | N8: =SUM(I5:I200) -> 47658500
A9: 46009 | B9: INV-0828 | C9: =IF($B9="","",INDEX(Piutang!$D$2:$D$1751,MATCH($B9,Piutang!$A$2:$A$1751,0))) -> SINAR AUTO BERKAH | D9: =IF($B9="","",INDEX(Piutang!$E$2:$E$1751,MATCH($B9,Piutang!$A$2:$A$1751,0))) -> SALES C | E9: =IF($B9="","",INDEX(Piutang!$M$2:$M$1751,MATCH($B9,Piutang!$A$2:$A$1751,0))) -> 8448100 | F9: =IF($B9="","",INDEX(Piutang!$O$2:$O$1751,MATCH($B9,Piutang!$A$2:$A$1751,0))) -> 157 | G9: Janji Bayar | H9: 46012 | I9: 8448100 | J9: =IF(G9="","",IF(G9="Janji Bayar",IF(H9="","Isi tgl janji",IF(H9<Catatan!$B$3,"Terlewat - tindak lanjut","Menunggu")),"-")) -> Terlewat - tindak lanjut | K9: Janji dikonfirmasi via WA | M9: Tidak ketemu | N9: =COUNTIF(G5:G200,"Tidak Ketemu") -> 1
A10: 46004 | B10: INV-0915 | C10: =IF($B10="","",INDEX(Piutang!$D$2:$D$1751,MATCH($B10,Piutang!$A$2:$A$1751,0))) -> MAJU GARAGE | D10: =IF($B10="","",INDEX(Piutang!$E$2:$E$1751,MATCH($B10,Piutang!$A$2:$A$1751,0))) -> SALES B | E10: =IF($B10="","",INDEX(Piutang!$M$2:$M$1751,MATCH($B10,Piutang!$A$2:$A$1751,0))) -> 4491800 | F10: =IF($B10="","",INDEX(Piutang!$O$2:$O$1751,MATCH($B10,Piutang!$A$2:$A$1751,0))) -> 124 | G10: Bayar Sebagian | H10: 46009 | I10: 2245900 | J10: =IF(G10="","",IF(G10="Janji Bayar",IF(H10="","Isi tgl janji",IF(H10<Catatan!$B$3,"Terlewat - tindak lanjut","Menunggu")),"-")) -> - | K10: Bayar tunai sebagian di tempat
A11: 46013 | B11: INV-1202 | C11: =IF($B11="","",INDEX(Piutang!$D$2:$D$1751,MATCH($B11,Piutang!$A$2:$A$1751,0))) -> CAHAYA SERVICE | D11: =IF($B11="","",INDEX(Piutang!$E$2:$E$1751,MATCH($B11,Piutang!$A$2:$A$1751,0))) -> SALES D | E11: =IF($B11="","",INDEX(Piutang!$M$2:$M$1751,MATCH($B11,Piutang!$A$2:$A$1751,0))) -> 3090000 | F11: =IF($B11="","",INDEX(Piutang!$O$2:$O$1751,MATCH($B11,Piutang!$A$2:$A$1751,0))) -> 79 | G11: Janji Bayar | H11: 46024 | I11: 3090000 | J11: =IF(G11="","",IF(G11="Janji Bayar",IF(H11="","Isi tgl janji",IF(H11<Catatan!$B$3,"Terlewat - tindak lanjut","Menunggu")),"-")) -> Menunggu | K11: Janji dikonfirmasi via WA
A12: 46013 | B12: INV-1306 | C12: =IF($B12="","",INDEX(Piutang!$D$2:$D$1751,MATCH($B12,Piutang!$A$2:$A$1751,0))) -> HARAPAN LUBRICANT | D12: =IF($B12="","",INDEX(Piutang!$E$2:$E$1751,MATCH($B12,Piutang!$A$2:$A$1751,0))) -> SALES B | E12: =IF($B12="","",INDEX(Piutang!$M$2:$M$1751,MATCH($B12,Piutang!$A$2:$A$1751,0))) -> 9714500 | F12: =IF($B12="","",INDEX(Piutang!$O$2:$O$1751,MATCH($B12,Piutang!$A$2:$A$1751,0))) -> 59 | G12: Janji Bayar | H12: 46026 | I12: 9714500 | J12: =IF(G12="","",IF(G12="Janji Bayar",IF(H12="","Isi tgl janji",IF(H12<Catatan!$B$3,"Terlewat - tindak lanjut","Menunggu")),"-")) -> Menunggu | K12: Janji dikonfirmasi via WA
A13: 45999 | B13: INV-1406 | C13: =IF($B13="","",INDEX(Piutang!$D$2:$D$1751,MATCH($B13,Piutang!$A$2:$A$1751,0))) -> MAKMUR SERVICE JAYA | D13: =IF($B13="","",INDEX(Piutang!$E$2:$E$1751,MATCH($B13,Piutang!$A$2:$A$1751,0))) -> SALES B | E13: =IF($B13="","",INDEX(Piutang!$M$2:$M$1751,MATCH($B13,Piutang!$A$2:$A$1751,0))) -> 12934100 | F13: =IF($B13="","",INDEX(Piutang!$O$2:$O$1751,MATCH($B13,Piutang!$A$2:$A$1751,0))) -> 40 | G13: Tukar Faktur | J13: =IF(G13="","",IF(G13="Janji Bayar",IF(H13="","Isi tgl janji",IF(H13<Catatan!$B$3,"Terlewat - tindak lanjut","Menunggu")),"-")) -> - | K13: Tukar faktur dengan bagian keuangan outlet
A14: 46021 | B14: INV-1684 | C14: =IF($B14="","",INDEX(Piutang!$D$2:$D$1751,MATCH($B14,Piutang!$A$2:$A$1751,0))) -> KARYA SERVICE | D14: =IF($B14="","",INDEX(Piutang!$E$2:$E$1751,MATCH($B14,Piutang!$A$2:$A$1751,0))) -> SALES C | E14: =IF($B14="","",INDEX(Piutang!$M$2:$M$1751,MATCH($B14,Piutang!$A$2:$A$1751,0))) -> 3048800 | F14: =IF($B14="","",INDEX(Piutang!$O$2:$O$1751,MATCH($B14,Piutang!$A$2:$A$1751,0))) -> 13 | G14: Janji Bayar | H14: 46033 | I14: 3048800 | J14: =IF(G14="","",IF(G14="Janji Bayar",IF(H14="","Isi tgl janji",IF(H14<Catatan!$B$3,"Terlewat - tindak lanjut","Menunggu")),"-")) -> Menunggu | K14: Menunggu giro cair
A15: 46004 | B15: INV-1613 | C15: =IF($B15="","",INDEX(Piutang!$D$2:$D$1751,MATCH($B15,Piutang!$A$2:$A$1751,0))) -> ABADI LUBRICANT KARYA | D15: =IF($B15="","",INDEX(Piutang!$E$2:$E$1751,MATCH($B15,Piutang!$A$2:$A$1751,0))) -> SALES B | E15: =IF($B15="","",INDEX(Piutang!$M$2:$M$1751,MATCH($B15,Piutang!$A$2:$A$1751,0))) -> 2004700 | F15: =IF($B15="","",INDEX(Piutang!$O$2:$O$1751,MATCH($B15,Piutang!$A$2:$A$1751,0))) -> 12 | G15: Janji Bayar | H15: 46016 | I15: 2004700 | J15: =IF(G15="","",IF(G15="Janji Bayar",IF(H15="","Isi tgl janji",IF(H15<Catatan!$B$3,"Terlewat - tindak lanjut","Menunggu")),"-")) -> Terlewat - tindak lanjut | K15: Pemilik minta tunggu akhir bulan
A16: 46000 | B16: INV-1544 | C16: =IF($B16="","",INDEX(Piutang!$D$2:$D$1751,MATCH($B16,Piutang!$A$2:$A$1751,0))) -> SINAR AUTO BERKAH | D16: =IF($B16="","",INDEX(Piutang!$E$2:$E$1751,MATCH($B16,Piutang!$A$2:$A$1751,0))) -> SALES C | E16: =IF($B16="","",INDEX(Piutang!$M$2:$M$1751,MATCH($B16,Piutang!$A$2:$A$1751,0))) -> 6785100 | F16: =IF($B16="","",INDEX(Piutang!$O$2:$O$1751,MATCH($B16,Piutang!$A$2:$A$1751,0))) -> 11 | G16: Minta Keringanan | H16: 46008 | I16: 3392600 | J16: =IF(G16="","",IF(G16="Janji Bayar",IF(H16="","Isi tgl janji",IF(H16<Catatan!$B$3,"Terlewat - tindak lanjut","Menunggu")),"-")) -> - | K16: Komplain selisih barang, sedang dicek
A17: 46016 | B17: INV-1539 | C17: =IF($B17="","",INDEX(Piutang!$D$2:$D$1751,MATCH($B17,Piutang!$A$2:$A$1751,0))) -> UTAMA TEKNIK | D17: =IF($B17="","",INDEX(Piutang!$E$2:$E$1751,MATCH($B17,Piutang!$A$2:$A$1751,0))) -> SALES D | E17: =IF($B17="","",INDEX(Piutang!$M$2:$M$1751,MATCH($B17,Piutang!$A$2:$A$1751,0))) -> 5945000 | F17: =IF($B17="","",INDEX(Piutang!$O$2:$O$1751,MATCH($B17,Piutang!$A$2:$A$1751,0))) -> 11 | G17: Tukar Faktur | J17: =IF(G17="","",IF(G17="Janji Bayar",IF(H17="","Isi tgl janji",IF(H17<Catatan!$B$3,"Terlewat - tindak lanjut","Menunggu")),"-")) -> - | K17: Tukar faktur dengan bagian keuangan outlet
A18: 46016 | B18: INV-1483 | C18: =IF($B18="","",INDEX(Piutang!$D$2:$D$1751,MATCH($B18,Piutang!$A$2:$A$1751,0))) -> BINTANG TEKNIK SURYA | D18: =IF($B18="","",INDEX(Piutang!$E$2:$E$1751,MATCH($B18,Piutang!$A$2:$A$1751,0))) -> SALES B | E18: =IF($B18="","",INDEX(Piutang!$M$2:$M$1751,MATCH($B18,Piutang!$A$2:$A$1751,0))) -> 729100 | F18: =IF($B18="","",INDEX(Piutang!$O$2:$O$1751,MATCH($B18,Piutang!$A$2:$A$1751,0))) -> 8 | G18: Bayar Sebagian | H18: 46019 | I18: 364600 | J18: =IF(G18="","",IF(G18="Janji Bayar",IF(H18="","Isi tgl janji",IF(H18<Catatan!$B$3,"Terlewat - tindak lanjut","Menunggu")),"-")) -> - | K18: Bayar tunai sebagian di tempat
C19: =IF($B19="","",INDEX(Piutang!$D$2:$D$1751,MATCH($B19,Piutang!$A$2:$A$1751,0))) | D19: =IF($B19="","",INDEX(Piutang!$E$2:$E$1751,MATCH($B19,Piutang!$A$2:$A$1751,0))) | E19: =IF($B19="","",INDEX(Piutang!$M$2:$M$1751,MATCH($B19,Piutang!$A$2:$A$1751,0))) | F19: =IF($B19="","",INDEX(Piutang!$O$2:$O$1751,MATCH($B19,Piutang!$A$2:$A$1751,0))) | J19: =IF(G19="","",IF(G19="Janji Bayar",IF(H19="","Isi tgl janji",IF(H19<Catatan!$B$3,"Terlewat - tindak lanjut","Menunggu")),"-"))
C20: =IF($B20="","",INDEX(Piutang!$D$2:$D$1751,MATCH($B20,Piutang!$A$2:$A$1751,0))) | D20: =IF($B20="","",INDEX(Piutang!$E$2:$E$1751,MATCH($B20,Piutang!$A$2:$A$1751,0))) | E20: =IF($B20="","",INDEX(Piutang!$M$2:$M$1751,MATCH($B20,Piutang!$A$2:$A$1751,0))) | F20: =IF($B20="","",INDEX(Piutang!$O$2:$O$1751,MATCH($B20,Piutang!$A$2:$A$1751,0))) | J20: =IF(G20="","",IF(G20="Janji Bayar",IF(H20="","Isi tgl janji",IF(H20<Catatan!$B$3,"Terlewat - tindak lanjut","Menunggu")),"-"))
C21: =IF($B21="","",INDEX(Piutang!$D$2:$D$1751,MATCH($B21,Piutang!$A$2:$A$1751,0))) | D21: =IF($B21="","",INDEX(Piutang!$E$2:$E$1751,MATCH($B21,Piutang!$A$2:$A$1751,0))) | E21: =IF($B21="","",INDEX(Piutang!$M$2:$M$1751,MATCH($B21,Piutang!$A$2:$A$1751,0))) | F21: =IF($B21="","",INDEX(Piutang!$O$2:$O$1751,MATCH($B21,Piutang!$A$2:$A$1751,0))) | J21: =IF(G21="","",IF(G21="Janji Bayar",IF(H21="","Isi tgl janji",IF(H21<Catatan!$B$3,"Terlewat - tindak lanjut","Menunggu")),"-"))
C22: =IF($B22="","",INDEX(Piutang!$D$2:$D$1751,MATCH($B22,Piutang!$A$2:$A$1751,0))) | D22: =IF($B22="","",INDEX(Piutang!$E$2:$E$1751,MATCH($B22,Piutang!$A$2:$A$1751,0))) | E22: =IF($B22="","",INDEX(Piutang!$M$2:$M$1751,MATCH($B22,Piutang!$A$2:$A$1751,0))) | F22: =IF($B22="","",INDEX(Piutang!$O$2:$O$1751,MATCH($B22,Piutang!$A$2:$A$1751,0))) | J22: =IF(G22="","",IF(G22="Janji Bayar",IF(H22="","Isi tgl janji",IF(H22<Catatan!$B$3,"Terlewat - tindak lanjut","Menunggu")),"-"))
C23: =IF($B23="","",INDEX(Piutang!$D$2:$D$1751,MATCH($B23,Piutang!$A$2:$A$1751,0))) | D23: =IF($B23="","",INDEX(Piutang!$E$2:$E$1751,MATCH($B23,Piutang!$A$2:$A$1751,0))) | E23: =IF($B23="","",INDEX(Piutang!$M$2:$M$1751,MATCH($B23,Piutang!$A$2:$A$1751,0))) | F23: =IF($B23="","",INDEX(Piutang!$O$2:$O$1751,MATCH($B23,Piutang!$A$2:$A$1751,0))) | J23: =IF(G23="","",IF(G23="Janji Bayar",IF(H23="","Isi tgl janji",IF(H23<Catatan!$B$3,"Terlewat - tindak lanjut","Menunggu")),"-"))
C24: =IF($B24="","",INDEX(Piutang!$D$2:$D$1751,MATCH($B24,Piutang!$A$2:$A$1751,0))) | D24: =IF($B24="","",INDEX(Piutang!$E$2:$E$1751,MATCH($B24,Piutang!$A$2:$A$1751,0))) | E24: =IF($B24="","",INDEX(Piutang!$M$2:$M$1751,MATCH($B24,Piutang!$A$2:$A$1751,0))) | F24: =IF($B24="","",INDEX(Piutang!$O$2:$O$1751,MATCH($B24,Piutang!$A$2:$A$1751,0))) | J24: =IF(G24="","",IF(G24="Janji Bayar",IF(H24="","Isi tgl janji",IF(H24<Catatan!$B$3,"Terlewat - tindak lanjut","Menunggu")),"-"))
C25: =IF($B25="","",INDEX(Piutang!$D$2:$D$1751,MATCH($B25,Piutang!$A$2:$A$1751,0))) | D25: =IF($B25="","",INDEX(Piutang!$E$2:$E$1751,MATCH($B25,Piutang!$A$2:$A$1751,0))) | E25: =IF($B25="","",INDEX(Piutang!$M$2:$M$1751,MATCH($B25,Piutang!$A$2:$A$1751,0))) | F25: =IF($B25="","",INDEX(Piutang!$O$2:$O$1751,MATCH($B25,Piutang!$A$2:$A$1751,0))) | J25: =IF(G25="","",IF(G25="Janji Bayar",IF(H25="","Isi tgl janji",IF(H25<Catatan!$B$3,"Terlewat - tindak lanjut","Menunggu")),"-"))
C26: =IF($B26="","",INDEX(Piutang!$D$2:$D$1751,MATCH($B26,Piutang!$A$2:$A$1751,0))) | D26: =IF($B26="","",INDEX(Piutang!$E$2:$E$1751,MATCH($B26,Piutang!$A$2:$A$1751,0))) | E26: =IF($B26="","",INDEX(Piutang!$M$2:$M$1751,MATCH($B26,Piutang!$A$2:$A$1751,0))) | F26: =IF($B26="","",INDEX(Piutang!$O$2:$O$1751,MATCH($B26,Piutang!$A$2:$A$1751,0))) | J26: =IF(G26="","",IF(G26="Janji Bayar",IF(H26="","Isi tgl janji",IF(H26<Catatan!$B$3,"Terlewat - tindak lanjut","Menunggu")),"-"))
C27: =IF($B27="","",INDEX(Piutang!$D$2:$D$1751,MATCH($B27,Piutang!$A$2:$A$1751,0))) | D27: =IF($B27="","",INDEX(Piutang!$E$2:$E$1751,MATCH($B27,Piutang!$A$2:$A$1751,0))) | E27: =IF($B27="","",INDEX(Piutang!$M$2:$M$1751,MATCH($B27,Piutang!$A$2:$A$1751,0))) | F27: =IF($B27="","",INDEX(Piutang!$O$2:$O$1751,MATCH($B27,Piutang!$A$2:$A$1751,0))) | J27: =IF(G27="","",IF(G27="Janji Bayar",IF(H27="","Isi tgl janji",IF(H27<Catatan!$B$3,"Terlewat - tindak lanjut","Menunggu")),"-"))
C28: =IF($B28="","",INDEX(Piutang!$D$2:$D$1751,MATCH($B28,Piutang!$A$2:$A$1751,0))) | D28: =IF($B28="","",INDEX(Piutang!$E$2:$E$1751,MATCH($B28,Piutang!$A$2:$A$1751,0))) | E28: =IF($B28="","",INDEX(Piutang!$M$2:$M$1751,MATCH($B28,Piutang!$A$2:$A$1751,0))) | F28: =IF($B28="","",INDEX(Piutang!$O$2:$O$1751,MATCH($B28,Piutang!$A$2:$A$1751,0))) | J28: =IF(G28="","",IF(G28="Janji Bayar",IF(H28="","Isi tgl janji",IF(H28<Catatan!$B$3,"Terlewat - tindak lanjut","Menunggu")),"-"))
C29: =IF($B29="","",INDEX(Piutang!$D$2:$D$1751,MATCH($B29,Piutang!$A$2:$A$1751,0))) | D29: =IF($B29="","",INDEX(Piutang!$E$2:$E$1751,MATCH($B29,Piutang!$A$2:$A$1751,0))) | E29: =IF($B29="","",INDEX(Piutang!$M$2:$M$1751,MATCH($B29,Piutang!$A$2:$A$1751,0))) | F29: =IF($B29="","",INDEX(Piutang!$O$2:$O$1751,MATCH($B29,Piutang!$A$2:$A$1751,0))) | J29: =IF(G29="","",IF(G29="Janji Bayar",IF(H29="","Isi tgl janji",IF(H29<Catatan!$B$3,"Terlewat - tindak lanjut","Menunggu")),"-"))
C30: =IF($B30="","",INDEX(Piutang!$D$2:$D$1751,MATCH($B30,Piutang!$A$2:$A$1751,0))) | D30: =IF($B30="","",INDEX(Piutang!$E$2:$E$1751,MATCH($B30,Piutang!$A$2:$A$1751,0))) | E30: =IF($B30="","",INDEX(Piutang!$M$2:$M$1751,MATCH($B30,Piutang!$A$2:$A$1751,0))) | F30: =IF($B30="","",INDEX(Piutang!$O$2:$O$1751,MATCH($B30,Piutang!$A$2:$A$1751,0))) | J30: =IF(G30="","",IF(G30="Janji Bayar",IF(H30="","Isi tgl janji",IF(H30<Catatan!$B$3,"Terlewat - tindak lanjut","Menunggu")),"-"))
... C200: =IF($B200="","",INDEX(Piutang!$D$2:$D$1751,MATCH($B200,Piutang!$A$2:$A$1751,0))) | D200: =IF($B200="","",INDEX(Piutang!$E$2:$E$1751,MATCH($B200,Piutang!$A$2:$A$1751,0))) | E200: =IF($B200="","",INDEX(Piutang!$M$2:$M$1751,MATCH($B200,Piutang!$A$2:$A$1751,0))) | F200: =IF($B200="","",INDEX(Piutang!$O$2:$O$1751,MATCH($B200,Piutang!$A$2:$A$1751,0))) | J200: =IF(G200="","",IF(G200="Janji Bayar",IF(H200="","Isi tgl janji",IF(H200<Catatan!$B$3,"Terlewat - tindak lanjut","Menunggu")),"-"))

Sheet Piutang
A1: No. Invoice | B1: Tanggal Faktur | C1: ID Customer | D1: Nama Customer | E1: Salesman | F1: Nominal Faktur (Rp) | G1: Termin (hari) | H1: Jatuh Tempo | I1: Tgl Tukar Faktur | J1: Status Tukar Faktur | K1: Jumlah Dibayar (Rp) | L1: Tgl Bayar Terakhir | M1: Sisa Piutang (Rp) | N1: Status Bayar | O1: Hari Terlambat | P1: Kategori Aging | Q1: Catatan Penagihan | R1: Prioritas Tagih | S1: Kunci Urut Tagih (helper) | T1: Baris Belum Ditukar (helper)
A2: INV-0001 | B2: 45659 | C2: C049 | D2: =INDEX(Master_Customer!$B$2:$B$126,MATCH(C2,Master_Customer!$A$2:$A$126,0)) -> SENTOSA SERVICE | E2: SALES C | F2: =SUMIFS(Data_Penjualan!$G$2:$G$5998,Data_Penjualan!$A$2:$A$5998,A2) -> 9951500 | G2: =IF(E2="KANTOR",0,INDEX(Master_Customer!$C$2:$C$126,MATCH(C2,Master_Customer!$A$2:$A$126,0))) -> 0 | H2: =B2+G2 -> 45659 | J2: =IF(G2=0,"Tunai",IF(I2="","Belum ditukar","Sudah ditukar")) -> Tunai | K2: 9951500 | L2: 45659 | M2: =F2-K2 -> 0 | N2: =IF(M2<=0,"Lunas",IF(K2>0,"Sebagian","Belum Bayar")) -> Lunas | O2: =IF(M2>0,MAX(0,Catatan!$B$3-H2),0) -> 0 | P2: =IF(M2<=0,"Lunas",IF(Catatan!$B$3<=H2,"Belum Jatuh Tempo",IF(O2<=30,"1-30 hari",IF(O2<=60,"31-60 hari",IF(O2<=90,"61-90 hari","90+ hari"))))) -> Lunas | R2: =IF(M2<=0,"",IF(O2>60,"1-Tinggi",IF(O2>30,"2-Sedang",IF(O2>0,"3-Rendah","4-Pantau")))) | S2: =IF(AND(M2>0,O2>0),O2+M2/1000000000000+ROW()/1000000000000000,"") | T2: =IF(J2="Belum ditukar",ROW(),"")
A3: INV-0002 | B3: 45659 | C3: C128 | D3: =INDEX(Master_Customer!$B$2:$B$126,MATCH(C3,Master_Customer!$A$2:$A$126,0)) -> JAYA LUBRICANT | E3: SALES B | F3: =SUMIFS(Data_Penjualan!$G$2:$G$5998,Data_Penjualan!$A$2:$A$5998,A3) -> 14221500 | G3: =IF(E3="KANTOR",0,INDEX(Master_Customer!$C$2:$C$126,MATCH(C3,Master_Customer!$A$2:$A$126,0))) -> 0 | H3: =B3+G3 -> 45659 | J3: =IF(G3=0,"Tunai",IF(I3="","Belum ditukar","Sudah ditukar")) -> Tunai | K3: 14221500 | L3: 45659 | M3: =F3-K3 -> 0 | N3: =IF(M3<=0,"Lunas",IF(K3>0,"Sebagian","Belum Bayar")) -> Lunas | O3: =IF(M3>0,MAX(0,Catatan!$B$3-H3),0) -> 0 | P3: =IF(M3<=0,"Lunas",IF(Catatan!$B$3<=H3,"Belum Jatuh Tempo",IF(O3<=30,"1-30 hari",IF(O3<=60,"31-60 hari",IF(O3<=90,"61-90 hari","90+ hari"))))) -> Lunas | R3: =IF(M3<=0,"",IF(O3>60,"1-Tinggi",IF(O3>30,"2-Sedang",IF(O3>0,"3-Rendah","4-Pantau")))) | S3: =IF(AND(M3>0,O3>0),O3+M3/1000000000000+ROW()/1000000000000000,"") | T3: =IF(J3="Belum ditukar",ROW(),"")
A4: INV-0003 | B4: 45660 | C4: C070 | D4: =INDEX(Master_Customer!$B$2:$B$126,MATCH(C4,Master_Customer!$A$2:$A$126,0)) -> HARAPAN MOTOR | E4: SALES C | F4: =SUMIFS(Data_Penjualan!$G$2:$G$5998,Data_Penjualan!$A$2:$A$5998,A4) -> 12373200 | G4: =IF(E4="KANTOR",0,INDEX(Master_Customer!$C$2:$C$126,MATCH(C4,Master_Customer!$A$2:$A$126,0))) -> 45 | H4: =B4+G4 -> 45705 | I4: 45665 | J4: =IF(G4=0,"Tunai",IF(I4="","Belum ditukar","Sudah ditukar")) -> Sudah ditukar | K4: 12373200 | L4: 45710 | M4: =F4-K4 -> 0 | N4: =IF(M4<=0,"Lunas",IF(K4>0,"Sebagian","Belum Bayar")) -> Lunas | O4: =IF(M4>0,MAX(0,Catatan!$B$3-H4),0) -> 0 | P4: =IF(M4<=0,"Lunas",IF(Catatan!$B$3<=H4,"Belum Jatuh Tempo",IF(O4<=30,"1-30 hari",IF(O4<=60,"31-60 hari",IF(O4<=90,"61-90 hari","90+ hari"))))) -> Lunas | R4: =IF(M4<=0,"",IF(O4>60,"1-Tinggi",IF(O4>30,"2-Sedang",IF(O4>0,"3-Rendah","4-Pantau")))) | S4: =IF(AND(M4>0,O4>0),O4+M4/1000000000000+ROW()/1000000000000000,"") | T4: =IF(J4="Belum ditukar",ROW(),"")
A5: INV-0004 | B5: 45660 | C5: C109 | D5: =INDEX(Master_Customer!$B$2:$B$126,MATCH(C5,Master_Customer!$A$2:$A$126,0)) -> SURYA GARAGE MITRA | E5: SALES D | F5: =SUMIFS(Data_Penjualan!$G$2:$G$5998,Data_Penjualan!$A$2:$A$5998,A5) -> 17833500 | G5: =IF(E5="KANTOR",0,INDEX(Master_Customer!$C$2:$C$126,MATCH(C5,Master_Customer!$A$2:$A$126,0))) -> 30 | H5: =B5+G5 -> 45690 | I5: 45663 | J5: =IF(G5=0,"Tunai",IF(I5="","Belum ditukar","Sudah ditukar")) -> Sudah ditukar | K5: 17833500 | L5: 45691 | M5: =F5-K5 -> 0 | N5: =IF(M5<=0,"Lunas",IF(K5>0,"Sebagian","Belum Bayar")) -> Lunas | O5: =IF(M5>0,MAX(0,Catatan!$B$3-H5),0) -> 0 | P5: =IF(M5<=0,"Lunas",IF(Catatan!$B$3<=H5,"Belum Jatuh Tempo",IF(O5<=30,"1-30 hari",IF(O5<=60,"31-60 hari",IF(O5<=90,"61-90 hari","90+ hari"))))) -> Lunas | R5: =IF(M5<=0,"",IF(O5>60,"1-Tinggi",IF(O5>30,"2-Sedang",IF(O5>0,"3-Rendah","4-Pantau")))) | S5: =IF(AND(M5>0,O5>0),O5+M5/1000000000000+ROW()/1000000000000000,"") | T5: =IF(J5="Belum ditukar",ROW(),"")
A6: INV-0005 | B6: 45660 | C6: C050 | D6: =INDEX(Master_Customer!$B$2:$B$126,MATCH(C6,Master_Customer!$A$2:$A$126,0)) -> SUMBER TEKNIK SURYA | E6: SALES D | F6: =SUMIFS(Data_Penjualan!$G$2:$G$5998,Data_Penjualan!$A$2:$A$5998,A6) -> 846800 | G6: =IF(E6="KANTOR",0,INDEX(Master_Customer!$C$2:$C$126,MATCH(C6,Master_Customer!$A$2:$A$126,0))) -> 30 | H6: =B6+G6 -> 45690 | I6: 45665 | J6: =IF(G6=0,"Tunai",IF(I6="","Belum ditukar","Sudah ditukar")) -> Sudah ditukar | K6: 846800 | L6: 45690 | M6: =F6-K6 -> 0 | N6: =IF(M6<=0,"Lunas",IF(K6>0,"Sebagian","Belum Bayar")) -> Lunas | O6: =IF(M6>0,MAX(0,Catatan!$B$3-H6),0) -> 0 | P6: =IF(M6<=0,"Lunas",IF(Catatan!$B$3<=H6,"Belum Jatuh Tempo",IF(O6<=30,"1-30 hari",IF(O6<=60,"31-60 hari",IF(O6<=90,"61-90 hari","90+ hari"))))) -> Lunas | R6: =IF(M6<=0,"",IF(O6>60,"1-Tinggi",IF(O6>30,"2-Sedang",IF(O6>0,"3-Rendah","4-Pantau")))) | S6: =IF(AND(M6>0,O6>0),O6+M6/1000000000000+ROW()/1000000000000000,"") | T6: =IF(J6="Belum ditukar",ROW(),"")
A7: INV-0006 | B7: 45660 | C7: C049 | D7: =INDEX(Master_Customer!$B$2:$B$126,MATCH(C7,Master_Customer!$A$2:$A$126,0)) -> SENTOSA SERVICE | E7: SALES C | F7: =SUMIFS(Data_Penjualan!$G$2:$G$5998,Data_Penjualan!$A$2:$A$5998,A7) -> 11911100 | G7: =IF(E7="KANTOR",0,INDEX(Master_Customer!$C$2:$C$126,MATCH(C7,Master_Customer!$A$2:$A$126,0))) -> 0 | H7: =B7+G7 -> 45660 | J7: =IF(G7=0,"Tunai",IF(I7="","Belum ditukar","Sudah ditukar")) -> Tunai | K7: 11911100 | L7: 45662 | M7: =F7-K7 -> 0 | N7: =IF(M7<=0,"Lunas",IF(K7>0,"Sebagian","Belum Bayar")) -> Lunas | O7: =IF(M7>0,MAX(0,Catatan!$B$3-H7),0) -> 0 | P7: =IF(M7<=0,"Lunas",IF(Catatan!$B$3<=H7,"Belum Jatuh Tempo",IF(O7<=30,"1-30 hari",IF(O7<=60,"31-60 hari",IF(O7<=90,"61-90 hari","90+ hari"))))) -> Lunas | R7: =IF(M7<=0,"",IF(O7>60,"1-Tinggi",IF(O7>30,"2-Sedang",IF(O7>0,"3-Rendah","4-Pantau")))) | S7: =IF(AND(M7>0,O7>0),O7+M7/1000000000000+ROW()/1000000000000000,"") | T7: =IF(J7="Belum ditukar",ROW(),"")
A8: INV-0007 | B8: 45660 | C8: C116 | D8: =INDEX(Master_Customer!$B$2:$B$126,MATCH(C8,Master_Customer!$A$2:$A$126,0)) -> PRIMA MOTOR LANCAR | E8: SALES B | F8: =SUMIFS(Data_Penjualan!$G$2:$G$5998,Data_Penjualan!$A$2:$A$5998,A8) -> 16153500 | G8: =IF(E8="KANTOR",0,INDEX(Master_Customer!$C$2:$C$126,MATCH(C8,Master_Customer!$A$2:$A$126,0))) -> 14 | H8: =B8+G8 -> 45674 | I8: 45662 | J8: =IF(G8=0,"Tunai",IF(I8="","Belum ditukar","Sudah ditukar")) -> Sudah ditukar | K8: 16153500 | L8: 45670 | M8: =F8-K8 -> 0 | N8: =IF(M8<=0,"Lunas",IF(K8>0,"Sebagian","Belum Bayar")) -> Lunas | O8: =IF(M8>0,MAX(0,Catatan!$B$3-H8),0) -> 0 | P8: =IF(M8<=0,"Lunas",IF(Catatan!$B$3<=H8,"Belum Jatuh Tempo",IF(O8<=30,"1-30 hari",IF(O8<=60,"31-60 hari",IF(O8<=90,"61-90 hari","90+ hari"))))) -> Lunas | R8: =IF(M8<=0,"",IF(O8>60,"1-Tinggi",IF(O8>30,"2-Sedang",IF(O8>0,"3-Rendah","4-Pantau")))) | S8: =IF(AND(M8>0,O8>0),O8+M8/1000000000000+ROW()/1000000000000000,"") | T8: =IF(J8="Belum ditukar",ROW(),"")
A9: INV-0008 | B9: 45661 | C9: C026 | D9: =INDEX(Master_Customer!$B$2:$B$126,MATCH(C9,Master_Customer!$A$2:$A$126,0)) -> BINTANG TEKNIK SURYA | E9: SALES B | F9: =SUMIFS(Data_Penjualan!$G$2:$G$5998,Data_Penjualan!$A$2:$A$5998,A9) -> 10880000 | G9: =IF(E9="KANTOR",0,INDEX(Master_Customer!$C$2:$C$126,MATCH(C9,Master_Customer!$A$2:$A$126,0))) -> 45 | H9: =B9+G9 -> 45706 | I9: 45664 | J9: =IF(G9=0,"Tunai",IF(I9="","Belum ditukar","Sudah ditukar")) -> Sudah ditukar | K9: 10880000 | L9: 45701 | M9: =F9-K9 -> 0 | N9: =IF(M9<=0,"Lunas",IF(K9>0,"Sebagian","Belum Bayar")) -> Lunas | O9: =IF(M9>0,MAX(0,Catatan!$B$3-H9),0) -> 0 | P9: =IF(M9<=0,"Lunas",IF(Catatan!$B$3<=H9,"Belum Jatuh Tempo",IF(O9<=30,"1-30 hari",IF(O9<=60,"31-60 hari",IF(O9<=90,"61-90 hari","90+ hari"))))) -> Lunas | R9: =IF(M9<=0,"",IF(O9>60,"1-Tinggi",IF(O9>30,"2-Sedang",IF(O9>0,"3-Rendah","4-Pantau")))) | S9: =IF(AND(M9>0,O9>0),O9+M9/1000000000000+ROW()/1000000000000000,"") | T9: =IF(J9="Belum ditukar",ROW(),"")
A10: INV-0009 | B10: 45661 | C10: C067 | D10: =INDEX(Master_Customer!$B$2:$B$126,MATCH(C10,Master_Customer!$A$2:$A$126,0)) -> PRIMA GARAGE | E10: SALES B | F10: =SUMIFS(Data_Penjualan!$G$2:$G$5998,Data_Penjualan!$A$2:$A$5998,A10) -> 9311000 | G10: =IF(E10="KANTOR",0,INDEX(Master_Customer!$C$2:$C$126,MATCH(C10,Master_Customer!$A$2:$A$126,0))) -> 14 | H10: =B10+G10 -> 45675 | I10: 45666 | J10: =IF(G10=0,"Tunai",IF(I10="","Belum ditukar","Sudah ditukar")) -> Sudah ditukar | K10: 9311000 | L10: 45670 | M10: =F10-K10 -> 0 | N10: =IF(M10<=0,"Lunas",IF(K10>0,"Sebagian","Belum Bayar")) -> Lunas | O10: =IF(M10>0,MAX(0,Catatan!$B$3-H10),0) -> 0 | P10: =IF(M10<=0,"Lunas",IF(Catatan!$B$3<=H10,"Belum Jatuh Tempo",IF(O10<=30,"1-30 hari",IF(O10<=60,"31-60 hari",IF(O10<=90,"61-90 hari","90+ hari"))))) -> Lunas | R10: =IF(M10<=0,"",IF(O10>60,"1-Tinggi",IF(O10>30,"2-Sedang",IF(O10>0,"3-Rendah","4-Pantau")))) | S10: =IF(AND(M10>0,O10>0),O10+M10/1000000000000+ROW()/1000000000000000,"") | T10: =IF(J10="Belum ditukar",ROW(),"")
A11: INV-0010 | B11: 45661 | C11: C116 | D11: =INDEX(Master_Customer!$B$2:$B$126,MATCH(C11,Master_Customer!$A$2:$A$126,0)) -> PRIMA MOTOR LANCAR | E11: SALES B | F11: =SUMIFS(Data_Penjualan!$G$2:$G$5998,Data_Penjualan!$A$2:$A$5998,A11) -> 10784100 | G11: =IF(E11="KANTOR",0,INDEX(Master_Customer!$C$2:$C$126,MATCH(C11,Master_Customer!$A$2:$A$126,0))) -> 14 | H11: =B11+G11 -> 45675 | I11: 45663 | J11: =IF(G11=0,"Tunai",IF(I11="","Belum ditukar","Sudah ditukar")) -> Sudah ditukar | K11: 10784100 | L11: 45678 | M11: =F11-K11 -> 0 | N11: =IF(M11<=0,"Lunas",IF(K11>0,"Sebagian","Belum Bayar")) -> Lunas | O11: =IF(M11>0,MAX(0,Catatan!$B$3-H11),0) -> 0 | P11: =IF(M11<=0,"Lunas",IF(Catatan!$B$3<=H11,"Belum Jatuh Tempo",IF(O11<=30,"1-30 hari",IF(O11<=60,"31-60 hari",IF(O11<=90,"61-90 hari","90+ hari"))))) -> Lunas | R11: =IF(M11<=0,"",IF(O11>60,"1-Tinggi",IF(O11>30,"2-Sedang",IF(O11>0,"3-Rendah","4-Pantau")))) | S11: =IF(AND(M11>0,O11>0),O11+M11/1000000000000+ROW()/1000000000000000,"") | T11: =IF(J11="Belum ditukar",ROW(),"")
A12: INV-0011 | B12: 45661 | C12: C128 | D12: =INDEX(Master_Customer!$B$2:$B$126,MATCH(C12,Master_Customer!$A$2:$A$126,0)) -> JAYA LUBRICANT | E12: SALES B | F12: =SUMIFS(Data_Penjualan!$G$2:$G$5998,Data_Penjualan!$A$2:$A$5998,A12) -> 3030300 | G12: =IF(E12="KANTOR",0,INDEX(Master_Customer!$C$2:$C$126,MATCH(C12,Master_Customer!$A$2:$A$126,0))) -> 0 | H12: =B12+G12 -> 45661 | J12: =IF(G12=0,"Tunai",IF(I12="","Belum ditukar","Sudah ditukar")) -> Tunai | K12: 3030300 | L12: 45661 | M12: =F12-K12 -> 0 | N12: =IF(M12<=0,"Lunas",IF(K12>0,"Sebagian","Belum Bayar")) -> Lunas | O12: =IF(M12>0,MAX(0,Catatan!$B$3-H12),0) -> 0 | P12: =IF(M12<=0,"Lunas",IF(Catatan!$B$3<=H12,"Belum Jatuh Tempo",IF(O12<=30,"1-30 hari",IF(O12<=60,"31-60 hari",IF(O12<=90,"61-90 hari","90+ hari"))))) -> Lunas | R12: =IF(M12<=0,"",IF(O12>60,"1-Tinggi",IF(O12>30,"2-Sedang",IF(O12>0,"3-Rendah","4-Pantau")))) | S12: =IF(AND(M12>0,O12>0),O12+M12/1000000000000+ROW()/1000000000000000,"") | T12: =IF(J12="Belum ditukar",ROW(),"")
A13: INV-0012 | B13: 45661 | C13: C050 | D13: =INDEX(Master_Customer!$B$2:$B$126,MATCH(C13,Master_Customer!$A$2:$A$126,0)) -> SUMBER TEKNIK SURYA | E13: SALES D | F13: =SUMIFS(Data_Penjualan!$G$2:$G$5998,Data_Penjualan!$A$2:$A$5998,A13) -> 5899700 | G13: =IF(E13="KANTOR",0,INDEX(Master_Customer!$C$2:$C$126,MATCH(C13,Master_Customer!$A$2:$A$126,0))) -> 30 | H13: =B13+G13 -> 45691 | I13: 45662 | J13: =IF(G13=0,"Tunai",IF(I13="","Belum ditukar","Sudah ditukar")) -> Sudah ditukar | K13: 5899700 | L13: 45681 | M13: =F13-K13 -> 0 | N13: =IF(M13<=0,"Lunas",IF(K13>0,"Sebagian","Belum Bayar")) -> Lunas | O13: =IF(M13>0,MAX(0,Catatan!$B$3-H13),0) -> 0 | P13: =IF(M13<=0,"Lunas",IF(Catatan!$B$3<=H13,"Belum Jatuh Tempo",IF(O13<=30,"1-30 hari",IF(O13<=60,"31-60 hari",IF(O13<=90,"61-90 hari","90+ hari"))))) -> Lunas | R13: =IF(M13<=0,"",IF(O13>60,"1-Tinggi",IF(O13>30,"2-Sedang",IF(O13>0,"3-Rendah","4-Pantau")))) | S13: =IF(AND(M13>0,O13>0),O13+M13/1000000000000+ROW()/1000000000000000,"") | T13: =IF(J13="Belum ditukar",ROW(),"")
A14: INV-0013 | B14: 45661 | C14: C019 | D14: =INDEX(Master_Customer!$B$2:$B$126,MATCH(C14,Master_Customer!$A$2:$A$126,0)) -> MULIA SPAREPART | E14: SALES D | F14: =SUMIFS(Data_Penjualan!$G$2:$G$5998,Data_Penjualan!$A$2:$A$5998,A14) -> 15175800 | G14: =IF(E14="KANTOR",0,INDEX(Master_Customer!$C$2:$C$126,MATCH(C14,Master_Customer!$A$2:$A$126,0))) -> 30 | H14: =B14+G14 -> 45691 | I14: 45662 | J14: =IF(G14=0,"Tunai",IF(I14="","Belum ditukar","Sudah ditukar")) -> Sudah ditukar | K14: 15175800 | L14: 45722 | M14: =F14-K14 -> 0 | N14: =IF(M14<=0,"Lunas",IF(K14>0,"Sebagian","Belum Bayar")) -> Lunas | O14: =IF(M14>0,MAX(0,Catatan!$B$3-H14),0) -> 0 | P14: =IF(M14<=0,"Lunas",IF(Catatan!$B$3<=H14,"Belum Jatuh Tempo",IF(O14<=30,"1-30 hari",IF(O14<=60,"31-60 hari",IF(O14<=90,"61-90 hari","90+ hari"))))) -> Lunas | R14: =IF(M14<=0,"",IF(O14>60,"1-Tinggi",IF(O14>30,"2-Sedang",IF(O14>0,"3-Rendah","4-Pantau")))) | S14: =IF(AND(M14>0,O14>0),O14+M14/1000000000000+ROW()/1000000000000000,"") | T14: =IF(J14="Belum ditukar",ROW(),"")
A15: INV-0014 | B15: 45661 | C15: C096 | D15: =INDEX(Master_Customer!$B$2:$B$126,MATCH(C15,Master_Customer!$A$2:$A$126,0)) -> MAJU GARAGE TIRTA | E15: SALES D | F15: =SUMIFS(Data_Penjualan!$G$2:$G$5998,Data_Penjualan!$A$2:$A$5998,A15) -> 1757000 | G15: =IF(E15="KANTOR",0,INDEX(Master_Customer!$C$2:$C$126,MATCH(C15,Master_Customer!$A$2:$A$126,0))) -> 45 | H15: =B15+G15 -> 45706 | I15: 45663 | J15: =IF(G15=0,"Tunai",IF(I15="","Belum ditukar","Sudah ditukar")) -> Sudah ditukar | K15: 1757000 | L15: 45720 | M15: =F15-K15 -> 0 | N15: =IF(M15<=0,"Lunas",IF(K15>0,"Sebagian","Belum Bayar")) -> Lunas | O15: =IF(M15>0,MAX(0,Catatan!$B$3-H15),0) -> 0 | P15: =IF(M15<=0,"Lunas",IF(Catatan!$B$3<=H15,"Belum Jatuh Tempo",IF(O15<=30,"1-30 hari",IF(O15<=60,"31-60 hari",IF(O15<=90,"61-90 hari","90+ hari"))))) -> Lunas | R15: =IF(M15<=0,"",IF(O15>60,"1-Tinggi",IF(O15>30,"2-Sedang",IF(O15>0,"3-Rendah","4-Pantau")))) | S15: =IF(AND(M15>0,O15>0),O15+M15/1000000000000+ROW()/1000000000000000,"") | T15: =IF(J15="Belum ditukar",ROW(),"")
A16: INV-0015 | B16: 45661 | C16: C050 | D16: =INDEX(Master_Customer!$B$2:$B$126,MATCH(C16,Master_Customer!$A$2:$A$126,0)) -> SUMBER TEKNIK SURYA | E16: SALES D | F16: =SUMIFS(Data_Penjualan!$G$2:$G$5998,Data_Penjualan!$A$2:$A$5998,A16) -> 6511200 | G16: =IF(E16="KANTOR",0,INDEX(Master_Customer!$C$2:$C$126,MATCH(C16,Master_Customer!$A$2:$A$126,0))) -> 30 | H16: =B16+G16 -> 45691 | I16: 45662 | J16: =IF(G16=0,"Tunai",IF(I16="","Belum ditukar","Sudah ditukar")) -> Sudah ditukar | K16: 6511200 | L16: 45691 | M16: =F16-K16 -> 0 | N16: =IF(M16<=0,"Lunas",IF(K16>0,"Sebagian","Belum Bayar")) -> Lunas | O16: =IF(M16>0,MAX(0,Catatan!$B$3-H16),0) -> 0 | P16: =IF(M16<=0,"Lunas",IF(Catatan!$B$3<=H16,"Belum Jatuh Tempo",IF(O16<=30,"1-30 hari",IF(O16<=60,"31-60 hari",IF(O16<=90,"61-90 hari","90+ hari"))))) -> Lunas | R16: =IF(M16<=0,"",IF(O16>60,"1-Tinggi",IF(O16>30,"2-Sedang",IF(O16>0,"3-Rendah","4-Pantau")))) | S16: =IF(AND(M16>0,O16>0),O16+M16/1000000000000+ROW()/1000000000000000,"") | T16: =IF(J16="Belum ditukar",ROW(),"")
A17: INV-0016 | B17: 45663 | C17: C004 | D17: =INDEX(Master_Customer!$B$2:$B$126,MATCH(C17,Master_Customer!$A$2:$A$126,0)) -> SINAR AUTO BERKAH | E17: SALES C | F17: =SUMIFS(Data_Penjualan!$G$2:$G$5998,Data_Penjualan!$A$2:$A$5998,A17) -> 26734000 | G17: =IF(E17="KANTOR",0,INDEX(Master_Customer!$C$2:$C$126,MATCH(C17,Master_Customer!$A$2:$A$126,0))) -> 30 | H17: =B17+G17 -> 45693 | I17: 45668 | J17: =IF(G17=0,"Tunai",IF(I17="","Belum ditukar","Sudah ditukar")) -> Sudah ditukar | K17: 26734000 | L17: 45711 | M17: =F17-K17 -> 0 | N17: =IF(M17<=0,"Lunas",IF(K17>0,"Sebagian","Belum Bayar")) -> Lunas | O17: =IF(M17>0,MAX(0,Catatan!$B$3-H17),0) -> 0 | P17: =IF(M17<=0,"Lunas",IF(Catatan!$B$3<=H17,"Belum Jatuh Tempo",IF(O17<=30,"1-30 hari",IF(O17<=60,"31-60 hari",IF(O17<=90,"61-90 hari","90+ hari"))))) -> Lunas | R17: =IF(M17<=0,"",IF(O17>60,"1-Tinggi",IF(O17>30,"2-Sedang",IF(O17>0,"3-Rendah","4-Pantau")))) | S17: =IF(AND(M17>0,O17>0),O17+M17/1000000000000+ROW()/1000000000000000,"") | T17: =IF(J17="Belum ditukar",ROW(),"")
A18: INV-0017 | B18: 45663 | C18: C125 | D18: =INDEX(Master_Customer!$B$2:$B$126,MATCH(C18,Master_Customer!$A$2:$A$126,0)) -> BINTANG BENGKEL | E18: KANTOR | F18: =SUMIFS(Data_Penjualan!$G$2:$G$5998,Data_Penjualan!$A$2:$A$5998,A18) -> 7987100 | G18: =IF(E18="KANTOR",0,INDEX(Master_Customer!$C$2:$C$126,MATCH(C18,Master_Customer!$A$2:$A$126,0))) -> 0 | H18: =B18+G18 -> 45663 | J18: =IF(G18=0,"Tunai",IF(I18="","Belum ditukar","Sudah ditukar")) -> Tunai | K18: 7987100 | L18: 45663 | M18: =F18-K18 -> 0 | N18: =IF(M18<=0,"Lunas",IF(K18>0,"Sebagian","Belum Bayar")) -> Lunas | O18: =IF(M18>0,MAX(0,Catatan!$B$3-H18),0) -> 0 | P18: =IF(M18<=0,"Lunas",IF(Catatan!$B$3<=H18,"Belum Jatuh Tempo",IF(O18<=30,"1-30 hari",IF(O18<=60,"31-60 hari",IF(O18<=90,"61-90 hari","90+ hari"))))) -> Lunas | R18: =IF(M18<=0,"",IF(O18>60,"1-Tinggi",IF(O18>30,"2-Sedang",IF(O18>0,"3-Rendah","4-Pantau")))) | S18: =IF(AND(M18>0,O18>0),O18+M18/1000000000000+ROW()/1000000000000000,"") | T18: =IF(J18="Belum ditukar",ROW(),"")
A19: INV-0018 | B19: 45663 | C19: C121 | D19: =INDEX(Master_Customer!$B$2:$B$126,MATCH(C19,Master_Customer!$A$2:$A$126,0)) -> KARYA LUBRICANT BINTANG | E19: SALES C | F19: =SUMIFS(Data_Penjualan!$G$2:$G$5998,Data_Penjualan!$A$2:$A$5998,A19) -> 9017300 | G19: =IF(E19="KANTOR",0,INDEX(Master_Customer!$C$2:$C$126,MATCH(C19,Master_Customer!$A$2:$A$126,0))) -> 14 | H19: =B19+G19 -> 45677 | I19: 45665 | J19: =IF(G19=0,"Tunai",IF(I19="","Belum ditukar","Sudah ditukar")) -> Sudah ditukar | K19: 9017300 | L19: 45675 | M19: =F19-K19 -> 0 | N19: =IF(M19<=0,"Lunas",IF(K19>0,"Sebagian","Belum Bayar")) -> Lunas | O19: =IF(M19>0,MAX(0,Catatan!$B$3-H19),0) -> 0 | P19: =IF(M19<=0,"Lunas",IF(Catatan!$B$3<=H19,"Belum Jatuh Tempo",IF(O19<=30,"1-30 hari",IF(O19<=60,"31-60 hari",IF(O19<=90,"61-90 hari","90+ hari"))))) -> Lunas | R19: =IF(M19<=0,"",IF(O19>60,"1-Tinggi",IF(O19>30,"2-Sedang",IF(O19>0,"3-Rendah","4-Pantau")))) | S19: =IF(AND(M19>0,O19>0),O19+M19/1000000000000+ROW()/1000000000000000,"") | T19: =IF(J19="Belum ditukar",ROW(),"")
A20: INV-0019 | B20: 45663 | C20: C079 | D20: =INDEX(Master_Customer!$B$2:$B$126,MATCH(C20,Master_Customer!$A$2:$A$126,0)) -> UTAMA LUBRICANT HARAPAN | E20: KANTOR | F20: =SUMIFS(Data_Penjualan!$G$2:$G$5998,Data_Penjualan!$A$2:$A$5998,A20) -> 4633700 | G20: =IF(E20="KANTOR",0,INDEX(Master_Customer!$C$2:$C$126,MATCH(C20,Master_Customer!$A$2:$A$126,0))) -> 0 | H20: =B20+G20 -> 45663 | J20: =IF(G20=0,"Tunai",IF(I20="","Belum ditukar","Sudah ditukar")) -> Tunai | K20: 4633700 | L20: 45663 | M20: =F20-K20 -> 0 | N20: =IF(M20<=0,"Lunas",IF(K20>0,"Sebagian","Belum Bayar")) -> Lunas | O20: =IF(M20>0,MAX(0,Catatan!$B$3-H20),0) -> 0 | P20: =IF(M20<=0,"Lunas",IF(Catatan!$B$3<=H20,"Belum Jatuh Tempo",IF(O20<=30,"1-30 hari",IF(O20<=60,"31-60 hari",IF(O20<=90,"61-90 hari","90+ hari"))))) -> Lunas | R20: =IF(M20<=0,"",IF(O20>60,"1-Tinggi",IF(O20>30,"2-Sedang",IF(O20>0,"3-Rendah","4-Pantau")))) | S20: =IF(AND(M20>0,O20>0),O20+M20/1000000000000+ROW()/1000000000000000,"") | T20: =IF(J20="Belum ditukar",ROW(),"")
A21: INV-0020 | B21: 45664 | C21: C047 | D21: =INDEX(Master_Customer!$B$2:$B$126,MATCH(C21,Master_Customer!$A$2:$A$126,0)) -> KARYA SPAREPART | E21: SALES B | F21: =SUMIFS(Data_Penjualan!$G$2:$G$5998,Data_Penjualan!$A$2:$A$5998,A21) -> 1906000 | G21: =IF(E21="KANTOR",0,INDEX(Master_Customer!$C$2:$C$126,MATCH(C21,Master_Customer!$A$2:$A$126,0))) -> 45 | H21: =B21+G21 -> 45709 | I21: 45665 | J21: =IF(G21=0,"Tunai",IF(I21="","Belum ditukar","Sudah ditukar")) -> Sudah ditukar | K21: 1906000 | L21: 45706 | M21: =F21-K21 -> 0 | N21: =IF(M21<=0,"Lunas",IF(K21>0,"Sebagian","Belum Bayar")) -> Lunas | O21: =IF(M21>0,MAX(0,Catatan!$B$3-H21),0) -> 0 | P21: =IF(M21<=0,"Lunas",IF(Catatan!$B$3<=H21,"Belum Jatuh Tempo",IF(O21<=30,"1-30 hari",IF(O21<=60,"31-60 hari",IF(O21<=90,"61-90 hari","90+ hari"))))) -> Lunas | R21: =IF(M21<=0,"",IF(O21>60,"1-Tinggi",IF(O21>30,"2-Sedang",IF(O21>0,"3-Rendah","4-Pantau")))) | S21: =IF(AND(M21>0,O21>0),O21+M21/1000000000000+ROW()/1000000000000000,"") | T21: =IF(J21="Belum ditukar",ROW(),"")
A22: INV-0021 | B22: 45664 | C22: C121 | D22: =INDEX(Master_Customer!$B$2:$B$126,MATCH(C22,Master_Customer!$A$2:$A$126,0)) -> KARYA LUBRICANT BINTANG | E22: SALES C | F22: =SUMIFS(Data_Penjualan!$G$2:$G$5998,Data_Penjualan!$A$2:$A$5998,A22) -> 5094600 | G22: =IF(E22="KANTOR",0,INDEX(Master_Customer!$C$2:$C$126,MATCH(C22,Master_Customer!$A$2:$A$126,0))) -> 14 | H22: =B22+G22 -> 45678 | I22: 45668 | J22: =IF(G22=0,"Tunai",IF(I22="","Belum ditukar","Sudah ditukar")) -> Sudah ditukar | K22: 5094600 | L22: 45674 | M22: =F22-K22 -> 0 | N22: =IF(M22<=0,"Lunas",IF(K22>0,"Sebagian","Belum Bayar")) -> Lunas | O22: =IF(M22>0,MAX(0,Catatan!$B$3-H22),0) -> 0 | P22: =IF(M22<=0,"Lunas",IF(Catatan!$B$3<=H22,"Belum Jatuh Tempo",IF(O22<=30,"1-30 hari",IF(O22<=60,"31-60 hari",IF(O22<=90,"61-90 hari","90+ hari"))))) -> Lunas | R22: =IF(M22<=0,"",IF(O22>60,"1-Tinggi",IF(O22>30,"2-Sedang",IF(O22>0,"3-Rendah","4-Pantau")))) | S22: =IF(AND(M22>0,O22>0),O22+M22/1000000000000+ROW()/1000000000000000,"") | T22: =IF(J22="Belum ditukar",ROW(),"")
A23: INV-0022 | B23: 45664 | C23: C050 | D23: =INDEX(Master_Customer!$B$2:$B$126,MATCH(C23,Master_Customer!$A$2:$A$126,0)) -> SUMBER TEKNIK SURYA | E23: SALES D | F23: =SUMIFS(Data_Penjualan!$G$2:$G$5998,Data_Penjualan!$A$2:$A$5998,A23) -> 6309600 | G23: =IF(E23="KANTOR",0,INDEX(Master_Customer!$C$2:$C$126,MATCH(C23,Master_Customer!$A$2:$A$126,0))) -> 30 | H23: =B23+G23 -> 45694 | I23: 45669 | J23: =IF(G23=0,"Tunai",IF(I23="","Belum ditukar","Sudah ditukar")) -> Sudah ditukar | K23: 6309600 | L23: 45691 | M23: =F23-K23 -> 0 | N23: =IF(M23<=0,"Lunas",IF(K23>0,"Sebagian","Belum Bayar")) -> Lunas | O23: =IF(M23>0,MAX(0,Catatan!$B$3-H23),0) -> 0 | P23: =IF(M23<=0,"Lunas",IF(Catatan!$B$3<=H23,"Belum Jatuh Tempo",IF(O23<=30,"1-30 hari",IF(O23<=60,"31-60 hari",IF(O23<=90,"61-90 hari","90+ hari"))))) -> Lunas | R23: =IF(M23<=0,"",IF(O23>60,"1-Tinggi",IF(O23>30,"2-Sedang",IF(O23>0,"3-Rendah","4-Pantau")))) | S23: =IF(AND(M23>0,O23>0),O23+M23/1000000000000+ROW()/1000000000000000,"") | T23: =IF(J23="Belum ditukar",ROW(),"")
A24: INV-0023 | B24: 45664 | C24: C036 | D24: =INDEX(Master_Customer!$B$2:$B$126,MATCH(C24,Master_Customer!$A$2:$A$126,0)) -> BINTANG TEKNIK | E24: SALES A | F24: =SUMIFS(Data_Penjualan!$G$2:$G$5998,Data_Penjualan!$A$2:$A$5998,A24) -> 51820900 | G24: =IF(E24="KANTOR",0,INDEX(Master_Customer!$C$2:$C$126,MATCH(C24,Master_Customer!$A$2:$A$126,0))) -> 45 | H24: =B24+G24 -> 45709 | I24: 45668 | J24: =IF(G24=0,"Tunai",IF(I24="","Belum ditukar","Sudah ditukar")) -> Sudah ditukar | K24: 51820900 | L24: 45731 | M24: =F24-K24 -> 0 | N24: =IF(M24<=0,"Lunas",IF(K24>0,"Sebagian","Belum Bayar")) -> Lunas | O24: =IF(M24>0,MAX(0,Catatan!$B$3-H24),0) -> 0 | P24: =IF(M24<=0,"Lunas",IF(Catatan!$B$3<=H24,"Belum Jatuh Tempo",IF(O24<=30,"1-30 hari",IF(O24<=60,"31-60 hari",IF(O24<=90,"61-90 hari","90+ hari"))))) -> Lunas | R24: =IF(M24<=0,"",IF(O24>60,"1-Tinggi",IF(O24>30,"2-Sedang",IF(O24>0,"3-Rendah","4-Pantau")))) | S24: =IF(AND(M24>0,O24>0),O24+M24/1000000000000+ROW()/1000000000000000,"") | T24: =IF(J24="Belum ditukar",ROW(),"")
A25: INV-0024 | B25: 45665 | C25: C073 | D25: =INDEX(Master_Customer!$B$2:$B$126,MATCH(C25,Master_Customer!$A$2:$A$126,0)) -> BERKAH OLI | E25: SALES A | F25: =SUMIFS(Data_Penjualan!$G$2:$G$5998,Data_Penjualan!$A$2:$A$5998,A25) -> 4693600 | G25: =IF(E25="KANTOR",0,INDEX(Master_Customer!$C$2:$C$126,MATCH(C25,Master_Customer!$A$2:$A$126,0))) -> 0 | H25: =B25+G25 -> 45665 | J25: =IF(G25=0,"Tunai",IF(I25="","Belum ditukar","Sudah ditukar")) -> Tunai | K25: 4693600 | L25: 45665 | M25: =F25-K25 -> 0 | N25: =IF(M25<=0,"Lunas",IF(K25>0,"Sebagian","Belum Bayar")) -> Lunas | O25: =IF(M25>0,MAX(0,Catatan!$B$3-H25),0) -> 0 | P25: =IF(M25<=0,"Lunas",IF(Catatan!$B$3<=H25,"Belum Jatuh Tempo",IF(O25<=30,"1-30 hari",IF(O25<=60,"31-60 hari",IF(O25<=90,"61-90 hari","90+ hari"))))) -> Lunas | R25: =IF(M25<=0,"",IF(O25>60,"1-Tinggi",IF(O25>30,"2-Sedang",IF(O25>0,"3-Rendah","4-Pantau")))) | S25: =IF(AND(M25>0,O25>0),O25+M25/1000000000000+ROW()/1000000000000000,"") | T25: =IF(J25="Belum ditukar",ROW(),"")
A26: INV-0025 | B26: 45665 | C26: C059 | D26: =INDEX(Master_Customer!$B$2:$B$126,MATCH(C26,Master_Customer!$A$2:$A$126,0)) -> MAKMUR AUTO HARAPAN | E26: SALES B | F26: =SUMIFS(Data_Penjualan!$G$2:$G$5998,Data_Penjualan!$A$2:$A$5998,A26) -> 5391200 | G26: =IF(E26="KANTOR",0,INDEX(Master_Customer!$C$2:$C$126,MATCH(C26,Master_Customer!$A$2:$A$126,0))) -> 30 | H26: =B26+G26 -> 45695 | I26: 45667 | J26: =IF(G26=0,"Tunai",IF(I26="","Belum ditukar","Sudah ditukar")) -> Sudah ditukar | K26: 5391200 | L26: 45706 | M26: =F26-K26 -> 0 | N26: =IF(M26<=0,"Lunas",IF(K26>0,"Sebagian","Belum Bayar")) -> Lunas | O26: =IF(M26>0,MAX(0,Catatan!$B$3-H26),0) -> 0 | P26: =IF(M26<=0,"Lunas",IF(Catatan!$B$3<=H26,"Belum Jatuh Tempo",IF(O26<=30,"1-30 hari",IF(O26<=60,"31-60 hari",IF(O26<=90,"61-90 hari","90+ hari"))))) -> Lunas | R26: =IF(M26<=0,"",IF(O26>60,"1-Tinggi",IF(O26>30,"2-Sedang",IF(O26>0,"3-Rendah","4-Pantau")))) | S26: =IF(AND(M26>0,O26>0),O26+M26/1000000000000+ROW()/1000000000000000,"") | T26: =IF(J26="Belum ditukar",ROW(),"")
A27: INV-0026 | B27: 45665 | C27: C041 | D27: =INDEX(Master_Customer!$B$2:$B$126,MATCH(C27,Master_Customer!$A$2:$A$126,0)) -> PRIMA TEKNIK | E27: SALES D | F27: =SUMIFS(Data_Penjualan!$G$2:$G$5998,Data_Penjualan!$A$2:$A$5998,A27) -> 10306800 | G27: =IF(E27="KANTOR",0,INDEX(Master_Customer!$C$2:$C$126,MATCH(C27,Master_Customer!$A$2:$A$126,0))) -> 30 | H27: =B27+G27 -> 45695 | I27: 45667 | J27: =IF(G27=0,"Tunai",IF(I27="","Belum ditukar","Sudah ditukar")) -> Sudah ditukar | K27: 10306800 | L27: 45705 | M27: =F27-K27 -> 0 | N27: =IF(M27<=0,"Lunas",IF(K27>0,"Sebagian","Belum Bayar")) -> Lunas | O27: =IF(M27>0,MAX(0,Catatan!$B$3-H27),0) -> 0 | P27: =IF(M27<=0,"Lunas",IF(Catatan!$B$3<=H27,"Belum Jatuh Tempo",IF(O27<=30,"1-30 hari",IF(O27<=60,"31-60 hari",IF(O27<=90,"61-90 hari","90+ hari"))))) -> Lunas | R27: =IF(M27<=0,"",IF(O27>60,"1-Tinggi",IF(O27>30,"2-Sedang",IF(O27>0,"3-Rendah","4-Pantau")))) | S27: =IF(AND(M27>0,O27>0),O27+M27/1000000000000+ROW()/1000000000000000,"") | T27: =IF(J27="Belum ditukar",ROW(),"")
A28: INV-0027 | B28: 45665 | C28: C126 | D28: =INDEX(Master_Customer!$B$2:$B$126,MATCH(C28,Master_Customer!$A$2:$A$126,0)) -> PRIMA MOBIL | E28: SALES C | F28: =SUMIFS(Data_Penjualan!$G$2:$G$5998,Data_Penjualan!$A$2:$A$5998,A28) -> 9353100 | G28: =IF(E28="KANTOR",0,INDEX(Master_Customer!$C$2:$C$126,MATCH(C28,Master_Customer!$A$2:$A$126,0))) -> 0 | H28: =B28+G28 -> 45665 | J28: =IF(G28=0,"Tunai",IF(I28="","Belum ditukar","Sudah ditukar")) -> Tunai | K28: 9353100 | L28: 45665 | M28: =F28-K28 -> 0 | N28: =IF(M28<=0,"Lunas",IF(K28>0,"Sebagian","Belum Bayar")) -> Lunas | O28: =IF(M28>0,MAX(0,Catatan!$B$3-H28),0) -> 0 | P28: =IF(M28<=0,"Lunas",IF(Catatan!$B$3<=H28,"Belum Jatuh Tempo",IF(O28<=30,"1-30 hari",IF(O28<=60,"31-60 hari",IF(O28<=90,"61-90 hari","90+ hari"))))) -> Lunas | R28: =IF(M28<=0,"",IF(O28>60,"1-Tinggi",IF(O28>30,"2-Sedang",IF(O28>0,"3-Rendah","4-Pantau")))) | S28: =IF(AND(M28>0,O28>0),O28+M28/1000000000000+ROW()/1000000000000000,"") | T28: =IF(J28="Belum ditukar",ROW(),"")
A29: INV-0028 | B29: 45666 | C29: C120 | D29: =INDEX(Master_Customer!$B$2:$B$126,MATCH(C29,Master_Customer!$A$2:$A$126,0)) -> ABADI AUTO MAKMUR | E29: SALES C | F29: =SUMIFS(Data_Penjualan!$G$2:$G$5998,Data_Penjualan!$A$2:$A$5998,A29) -> 8049400 | G29: =IF(E29="KANTOR",0,INDEX(Master_Customer!$C$2:$C$126,MATCH(C29,Master_Customer!$A$2:$A$126,0))) -> 30 | H29: =B29+G29 -> 45696 | I29: 45668 | J29: =IF(G29=0,"Tunai",IF(I29="","Belum ditukar","Sudah ditukar")) -> Sudah ditukar | K29: 8049400 | L29: 45696 | M29: =F29-K29 -> 0 | N29: =IF(M29<=0,"Lunas",IF(K29>0,"Sebagian","Belum Bayar")) -> Lunas | O29: =IF(M29>0,MAX(0,Catatan!$B$3-H29),0) -> 0 | P29: =IF(M29<=0,"Lunas",IF(Catatan!$B$3<=H29,"Belum Jatuh Tempo",IF(O29<=30,"1-30 hari",IF(O29<=60,"31-60 hari",IF(O29<=90,"61-90 hari","90+ hari"))))) -> Lunas | R29: =IF(M29<=0,"",IF(O29>60,"1-Tinggi",IF(O29>30,"2-Sedang",IF(O29>0,"3-Rendah","4-Pantau")))) | S29: =IF(AND(M29>0,O29>0),O29+M29/1000000000000+ROW()/1000000000000000,"") | T29: =IF(J29="Belum ditukar",ROW(),"")
A30: INV-0029 | B30: 45666 | C30: C070 | D30: =INDEX(Master_Customer!$B$2:$B$126,MATCH(C30,Master_Customer!$A$2:$A$126,0)) -> HARAPAN MOTOR | E30: SALES C | F30: =SUMIFS(Data_Penjualan!$G$2:$G$5998,Data_Penjualan!$A$2:$A$5998,A30) -> 11581600 | G30: =IF(E30="KANTOR",0,INDEX(Master_Customer!$C$2:$C$126,MATCH(C30,Master_Customer!$A$2:$A$126,0))) -> 45 | H30: =B30+G30 -> 45711 | I30: 45671 | J30: =IF(G30=0,"Tunai",IF(I30="","Belum ditukar","Sudah ditukar")) -> Sudah ditukar | K30: 11581600 | L30: 45713 | M30: =F30-K30 -> 0 | N30: =IF(M30<=0,"Lunas",IF(K30>0,"Sebagian","Belum Bayar")) -> Lunas | O30: =IF(M30>0,MAX(0,Catatan!$B$3-H30),0) -> 0 | P30: =IF(M30<=0,"Lunas",IF(Catatan!$B$3<=H30,"Belum Jatuh Tempo",IF(O30<=30,"1-30 hari",IF(O30<=60,"31-60 hari",IF(O30<=90,"61-90 hari","90+ hari"))))) -> Lunas | R30: =IF(M30<=0,"",IF(O30>60,"1-Tinggi",IF(O30>30,"2-Sedang",IF(O30>0,"3-Rendah","4-Pantau")))) | S30: =IF(AND(M30>0,O30>0),O30+M30/1000000000000+ROW()/1000000000000000,"") | T30: =IF(J30="Belum ditukar",ROW(),"")
A31: INV-0030 | B31: 45666 | C31: C032 | D31: =INDEX(Master_Customer!$B$2:$B$126,MATCH(C31,Master_Customer!$A$2:$A$126,0)) -> SINAR MOTOR UTAMA | E31: SALES C | F31: =SUMIFS(Data_Penjualan!$G$2:$G$5998,Data_Penjualan!$A$2:$A$5998,A31) -> 5045600 | G31: =IF(E31="KANTOR",0,INDEX(Master_Customer!$C$2:$C$126,MATCH(C31,Master_Customer!$A$2:$A$126,0))) -> 0 | H31: =B31+G31 -> 45666 | J31: =IF(G31=0,"Tunai",IF(I31="","Belum ditukar","Sudah ditukar")) -> Tunai | K31: 5045600 | L31: 45666 | M31: =F31-K31 -> 0 | N31: =IF(M31<=0,"Lunas",IF(K31>0,"Sebagian","Belum Bayar")) -> Lunas | O31: =IF(M31>0,MAX(0,Catatan!$B$3-H31),0) -> 0 | P31: =IF(M31<=0,"Lunas",IF(Catatan!$B$3<=H31,"Belum Jatuh Tempo",IF(O31<=30,"1-30 hari",IF(O31<=60,"31-60 hari",IF(O31<=90,"61-90 hari","90+ hari"))))) -> Lunas | R31: =IF(M31<=0,"",IF(O31>60,"1-Tinggi",IF(O31>30,"2-Sedang",IF(O31>0,"3-Rendah","4-Pantau")))) | S31: =IF(AND(M31>0,O31>0),O31+M31/1000000000000+ROW()/1000000000000000,"") | T31: =IF(J31="Belum ditukar",ROW(),"")
A32: INV-0031 | B32: 45666 | C32: C113 | D32: =INDEX(Master_Customer!$B$2:$B$126,MATCH(C32,Master_Customer!$A$2:$A$126,0)) -> SURYA SERVICE LANCAR | E32: SALES A | F32: =SUMIFS(Data_Penjualan!$G$2:$G$5998,Data_Penjualan!$A$2:$A$5998,A32) -> 5771900 | G32: =IF(E32="KANTOR",0,INDEX(Master_Customer!$C$2:$C$126,MATCH(C32,Master_Customer!$A$2:$A$126,0))) -> 0 | H32: =B32+G32 -> 45666 | J32: =IF(G32=0,"Tunai",IF(I32="","Belum ditukar","Sudah ditukar")) -> Tunai | K32: 5771900 | L32: 45667 | M32: =F32-K32 -> 0 | N32: =IF(M32<=0,"Lunas",IF(K32>0,"Sebagian","Belum Bayar")) -> Lunas | O32: =IF(M32>0,MAX(0,Catatan!$B$3-H32),0) -> 0 | P32: =IF(M32<=0,"Lunas",IF(Catatan!$B$3<=H32,"Belum Jatuh Tempo",IF(O32<=30,"1-30 hari",IF(O32<=60,"31-60 hari",IF(O32<=90,"61-90 hari","90+ hari"))))) -> Lunas | R32: =IF(M32<=0,"",IF(O32>60,"1-Tinggi",IF(O32>30,"2-Sedang",IF(O32>0,"3-Rendah","4-Pantau")))) | S32: =IF(AND(M32>0,O32>0),O32+M32/1000000000000+ROW()/1000000000000000,"") | T32: =IF(J32="Belum ditukar",ROW(),"")
A33: INV-0032 | B33: 45666 | C33: C026 | D33: =INDEX(Master_Customer!$B$2:$B$126,MATCH(C33,Master_Customer!$A$2:$A$126,0)) -> BINTANG TEKNIK SURYA | E33: KANTOR | F33: =SUMIFS(Data_Penjualan!$G$2:$G$5998,Data_Penjualan!$A$2:$A$5998,A33) -> 4322500 | G33: =IF(E33="KANTOR",0,INDEX(Master_Customer!$C$2:$C$126,MATCH(C33,Master_Customer!$A$2:$A$126,0))) -> 0 | H33: =B33+G33 -> 45666 | J33: =IF(G33=0,"Tunai",IF(I33="","Belum ditukar","Sudah ditukar")) -> Tunai | K33: 4322500 | L33: 45666 | M33: =F33-K33 -> 0 | N33: =IF(M33<=0,"Lunas",IF(K33>0,"Sebagian","Belum Bayar")) -> Lunas | O33: =IF(M33>0,MAX(0,Catatan!$B$3-H33),0) -> 0 | P33: =IF(M33<=0,"Lunas",IF(Catatan!$B$3<=H33,"Belum Jatuh Tempo",IF(O33<=30,"1-30 hari",IF(O33<=60,"31-60 hari",IF(O33<=90,"61-90 hari","90+ hari"))))) -> Lunas | R33: =IF(M33<=0,"",IF(O33>60,"1-Tinggi",IF(O33>30,"2-Sedang",IF(O33>0,"3-Rendah","4-Pantau")))) | S33: =IF(AND(M33>0,O33>0),O33+M33/1000000000000+ROW()/1000000000000000,"") | T33: =IF(J33="Belum ditukar",ROW(),"")
A34: INV-0033 | B34: 45666 | C34: C017 | D34: =INDEX(Master_Customer!$B$2:$B$126,MATCH(C34,Master_Customer!$A$2:$A$126,0)) -> ABADI AUTO SURYA | E34: SALES D | F34: =SUMIFS(Data_Penjualan!$G$2:$G$5998,Data_Penjualan!$A$2:$A$5998,A34) -> 15456400 | G34: =IF(E34="KANTOR",0,INDEX(Master_Customer!$C$2:$C$126,MATCH(C34,Master_Customer!$A$2:$A$126,0))) -> 14 | H34: =B34+G34 -> 45680 | I34: 45670 | J34: =IF(G34=0,"Tunai",IF(I34="","Belum ditukar","Sudah ditukar")) -> Sudah ditukar | K34: 15456400 | L34: 45747 | M34: =F34-K34 -> 0 | N34: =IF(M34<=0,"Lunas",IF(K34>0,"Sebagian","Belum Bayar")) -> Lunas | O34: =IF(M34>0,MAX(0,Catatan!$B$3-H34),0) -> 0 | P34: =IF(M34<=0,"Lunas",IF(Catatan!$B$3<=H34,"Belum Jatuh Tempo",IF(O34<=30,"1-30 hari",IF(O34<=60,"31-60 hari",IF(O34<=90,"61-90 hari","90+ hari"))))) -> Lunas | R34: =IF(M34<=0,"",IF(O34>60,"1-Tinggi",IF(O34>30,"2-Sedang",IF(O34>0,"3-Rendah","4-Pantau")))) | S34: =IF(AND(M34>0,O34>0),O34+M34/1000000000000+ROW()/1000000000000000,"") | T34: =IF(J34="Belum ditukar",ROW(),"")
A35: INV-0034 | B35: 45666 | C35: C044 | D35: =INDEX(Master_Customer!$B$2:$B$126,MATCH(C35,Master_Customer!$A$2:$A$126,0)) -> ABADI AUTO UTAMA | E35: SALES D | F35: =SUMIFS(Data_Penjualan!$G$2:$G$5998,Data_Penjualan!$A$2:$A$5998,A35) -> 1731600 | G35: =IF(E35="KANTOR",0,INDEX(Master_Customer!$C$2:$C$126,MATCH(C35,Master_Customer!$A$2:$A$126,0))) -> 14 | H35: =B35+G35 -> 45680 | I35: 45671 | J35: =IF(G35=0,"Tunai",IF(I35="","Belum ditukar","Sudah ditukar")) -> Sudah ditukar | K35: 1731600 | L35: 45725 | M35: =F35-K35 -> 0 | N35: =IF(M35<=0,"Lunas",IF(K35>0,"Sebagian","Belum Bayar")) -> Lunas | O35: =IF(M35>0,MAX(0,Catatan!$B$3-H35),0) -> 0 | P35: =IF(M35<=0,"Lunas",IF(Catatan!$B$3<=H35,"Belum Jatuh Tempo",IF(O35<=30,"1-30 hari",IF(O35<=60,"31-60 hari",IF(O35<=90,"61-90 hari","90+ hari"))))) -> Lunas | R35: =IF(M35<=0,"",IF(O35>60,"1-Tinggi",IF(O35>30,"2-Sedang",IF(O35>0,"3-Rendah","4-Pantau")))) | S35: =IF(AND(M35>0,O35>0),O35+M35/1000000000000+ROW()/1000000000000000,"") | T35: =IF(J35="Belum ditukar",ROW(),"")
A36: INV-0035 | B36: 45666 | C36: C107 | D36: =INDEX(Master_Customer!$B$2:$B$126,MATCH(C36,Master_Customer!$A$2:$A$126,0)) -> KARYA LUBRICANT ABADI | E36: KANTOR | F36: =SUMIFS(Data_Penjualan!$G$2:$G$5998,Data_Penjualan!$A$2:$A$5998,A36) -> 17318100 | G36: =IF(E36="KANTOR",0,INDEX(Master_Customer!$C$2:$C$126,MATCH(C36,Master_Customer!$A$2:$A$126,0))) -> 0 | H36: =B36+G36 -> 45666 | J36: =IF(G36=0,"Tunai",IF(I36="","Belum ditukar","Sudah ditukar")) -> Tunai | K36: 17318100 | L36: 45666 | M36: =F36-K36 -> 0 | N36: =IF(M36<=0,"Lunas",IF(K36>0,"Sebagian","Belum Bayar")) -> Lunas | O36: =IF(M36>0,MAX(0,Catatan!$B$3-H36),0) -> 0 | P36: =IF(M36<=0,"Lunas",IF(Catatan!$B$3<=H36,"Belum Jatuh Tempo",IF(O36<=30,"1-30 hari",IF(O36<=60,"31-60 hari",IF(O36<=90,"61-90 hari","90+ hari"))))) -> Lunas | R36: =IF(M36<=0,"",IF(O36>60,"1-Tinggi",IF(O36>30,"2-Sedang",IF(O36>0,"3-Rendah","4-Pantau")))) | S36: =IF(AND(M36>0,O36>0),O36+M36/1000000000000+ROW()/1000000000000000,"") | T36: =IF(J36="Belum ditukar",ROW(),"")
A37: INV-0036 | B37: 45666 | C37: C126 | D37: =INDEX(Master_Customer!$B$2:$B$126,MATCH(C37,Master_Customer!$A$2:$A$126,0)) -> PRIMA MOBIL | E37: SALES C | F37: =SUMIFS(Data_Penjualan!$G$2:$G$5998,Data_Penjualan!$A$2:$A$5998,A37) -> 14172500 | G37: =IF(E37="KANTOR",0,INDEX(Master_Customer!$C$2:$C$126,MATCH(C37,Master_Customer!$A$2:$A$126,0))) -> 0 | H37: =B37+G37 -> 45666 | J37: =IF(G37=0,"Tunai",IF(I37="","Belum ditukar","Sudah ditukar")) -> Tunai | K37: 14172500 | L37: 45666 | M37: =F37-K37 -> 0 | N37: =IF(M37<=0,"Lunas",IF(K37>0,"Sebagian","Belum Bayar")) -> Lunas | O37: =IF(M37>0,MAX(0,Catatan!$B$3-H37),0) -> 0 | P37: =IF(M37<=0,"Lunas",IF(Catatan!$B$3<=H37,"Belum Jatuh Tempo",IF(O37<=30,"1-30 hari",IF(O37<=60,"31-60 hari",IF(O37<=90,"61-90 hari","90+ hari"))))) -> Lunas | R37: =IF(M37<=0,"",IF(O37>60,"1-Tinggi",IF(O37>30,"2-Sedang",IF(O37>0,"3-Rendah","4-Pantau")))) | S37: =IF(AND(M37>0,O37>0),O37+M37/1000000000000+ROW()/1000000000000000,"") | T37: =IF(J37="Belum ditukar",ROW(),"")
A38: INV-0037 | B38: 45667 | C38: C124 | D38: =INDEX(Master_Customer!$B$2:$B$126,MATCH(C38,Master_Customer!$A$2:$A$126,0)) -> MAKMUR SERVICE JAYA | E38: SALES B | F38: =SUMIFS(Data_Penjualan!$G$2:$G$5998,Data_Penjualan!$A$2:$A$5998,A38) -> 3958000 | G38: =IF(E38="KANTOR",0,INDEX(Master_Customer!$C$2:$C$126,MATCH(C38,Master_Customer!$A$2:$A$126,0))) -> 30 | H38: =B38+G38 -> 45697 | I38: 45669 | J38: =IF(G38=0,"Tunai",IF(I38="","Belum ditukar","Sudah ditukar")) -> Sudah ditukar | K38: 3958000 | L38: 45729 | M38: =F38-K38 -> 0 | N38: =IF(M38<=0,"Lunas",IF(K38>0,"Sebagian","Belum Bayar")) -> Lunas | O38: =IF(M38>0,MAX(0,Catatan!$B$3-H38),0) -> 0 | P38: =IF(M38<=0,"Lunas",IF(Catatan!$B$3<=H38,"Belum Jatuh Tempo",IF(O38<=30,"1-30 hari",IF(O38<=60,"31-60 hari",IF(O38<=90,"61-90 hari","90+ hari"))))) -> Lunas | R38: =IF(M38<=0,"",IF(O38>60,"1-Tinggi",IF(O38>30,"2-Sedang",IF(O38>0,"3-Rendah","4-Pantau")))) | S38: =IF(AND(M38>0,O38>0),O38+M38/1000000000000+ROW()/1000000000000000,"") | T38: =IF(J38="Belum ditukar",ROW(),"")
A39: INV-0038 | B39: 45667 | C39: C082 | D39: =INDEX(Master_Customer!$B$2:$B$126,MATCH(C39,Master_Customer!$A$2:$A$126,0)) -> BINTANG MOBIL JAYA | E39: SALES A | F39: =SUMIFS(Data_Penjualan!$G$2:$G$5998,Data_Penjualan!$A$2:$A$5998,A39) -> 23018700 | G39: =IF(E39="KANTOR",0,INDEX(Master_Customer!$C$2:$C$126,MATCH(C39,Master_Customer!$A$2:$A$126,0))) -> 45 | H39: =B39+G39 -> 45712 | I39: 45670 | J39: =IF(G39=0,"Tunai",IF(I39="","Belum ditukar","Sudah ditukar")) -> Sudah ditukar | K39: 23018700 | L39: 45710 | M39: =F39-K39 -> 0 | N39: =IF(M39<=0,"Lunas",IF(K39>0,"Sebagian","Belum Bayar")) -> Lunas | O39: =IF(M39>0,MAX(0,Catatan!$B$3-H39),0) -> 0 | P39: =IF(M39<=0,"Lunas",IF(Catatan!$B$3<=H39,"Belum Jatuh Tempo",IF(O39<=30,"1-30 hari",IF(O39<=60,"31-60 hari",IF(O39<=90,"61-90 hari","90+ hari"))))) -> Lunas | R39: =IF(M39<=0,"",IF(O39>60,"1-Tinggi",IF(O39>30,"2-Sedang",IF(O39>0,"3-Rendah","4-Pantau")))) | S39: =IF(AND(M39>0,O39>0),O39+M39/1000000000000+ROW()/1000000000000000,"") | T39: =IF(J39="Belum ditukar",ROW(),"")
A40: INV-0039 | B40: 45667 | C40: C122 | D40: =INDEX(Master_Customer!$B$2:$B$126,MATCH(C40,Master_Customer!$A$2:$A$126,0)) -> ABADI LUBRICANT KARYA | E40: KANTOR | F40: =SUMIFS(Data_Penjualan!$G$2:$G$5998,Data_Penjualan!$A$2:$A$5998,A40) -> 7889200 | G40: =IF(E40="KANTOR",0,INDEX(Master_Customer!$C$2:$C$126,MATCH(C40,Master_Customer!$A$2:$A$126,0))) -> 0 | H40: =B40+G40 -> 45667 | J40: =IF(G40=0,"Tunai",IF(I40="","Belum ditukar","Sudah ditukar")) -> Tunai | K40: 7889200 | L40: 45667 | M40: =F40-K40 -> 0 | N40: =IF(M40<=0,"Lunas",IF(K40>0,"Sebagian","Belum Bayar")) -> Lunas | O40: =IF(M40>0,MAX(0,Catatan!$B$3-H40),0) -> 0 | P40: =IF(M40<=0,"Lunas",IF(Catatan!$B$3<=H40,"Belum Jatuh Tempo",IF(O40<=30,"1-30 hari",IF(O40<=60,"31-60 hari",IF(O40<=90,"61-90 hari","90+ hari"))))) -> Lunas | R40: =IF(M40<=0,"",IF(O40>60,"1-Tinggi",IF(O40>30,"2-Sedang",IF(O40>0,"3-Rendah","4-Pantau")))) | S40: =IF(AND(M40>0,O40>0),O40+M40/1000000000000+ROW()/1000000000000000,"") | T40: =IF(J40="Belum ditukar",ROW(),"")
A41: INV-0040 | B41: 45667 | C41: C033 | D41: =INDEX(Master_Customer!$B$2:$B$126,MATCH(C41,Master_Customer!$A$2:$A$126,0)) -> CAHAYA OLI | E41: SALES A | F41: =SUMIFS(Data_Penjualan!$G$2:$G$5998,Data_Penjualan!$A$2:$A$5998,A41) -> 5175400 | G41: =IF(E41="KANTOR",0,INDEX(Master_Customer!$C$2:$C$126,MATCH(C41,Master_Customer!$A$2:$A$126,0))) -> 30 | H41: =B41+G41 -> 45697 | I41: 45670 | J41: =IF(G41=0,"Tunai",IF(I41="","Belum ditukar","Sudah ditukar")) -> Sudah ditukar | K41: 3227300 | L41: 45693 | M41: =F41-K41 -> 1948100 | N41: =IF(M41<=0,"Lunas",IF(K41>0,"Sebagian","Belum Bayar")) -> Sebagian | O41: =IF(M41>0,MAX(0,Catatan!$B$3-H41),0) -> 325 | P41: =IF(M41<=0,"Lunas",IF(Catatan!$B$3<=H41,"Belum Jatuh Tempo",IF(O41<=30,"1-30 hari",IF(O41<=60,"31-60 hari",IF(O41<=90,"61-90 hari","90+ hari"))))) -> 90+ hari | Q41: Sudah dihubungi via WA, janji bayar minggu depan | R41: =IF(M41<=0,"",IF(O41>60,"1-Tinggi",IF(O41>30,"2-Sedang",IF(O41>0,"3-Rendah","4-Pantau")))) -> 1-Tinggi | S41: =IF(AND(M41>0,O41>0),O41+M41/1000000000000+ROW()/1000000000000000,"") -> 325 | T41: =IF(J41="Belum ditukar",ROW(),"")
A42: INV-0041 | B42: 45667 | C42: C002 | D42: =INDEX(Master_Customer!$B$2:$B$126,MATCH(C42,Master_Customer!$A$2:$A$126,0)) -> SINAR SPAREPART | E42: SALES D | F42: =SUMIFS(Data_Penjualan!$G$2:$G$5998,Data_Penjualan!$A$2:$A$5998,A42) -> 15809500 | G42: =IF(E42="KANTOR",0,INDEX(Master_Customer!$C$2:$C$126,MATCH(C42,Master_Customer!$A$2:$A$126,0))) -> 45 | H42: =B42+G42 -> 45712 | I42: 45671 | J42: =IF(G42=0,"Tunai",IF(I42="","Belum ditukar","Sudah ditukar")) -> Sudah ditukar | K42: 15809500 | L42: 45710 | M42: =F42-K42 -> 0 | N42: =IF(M42<=0,"Lunas",IF(K42>0,"Sebagian","Belum Bayar")) -> Lunas | O42: =IF(M42>0,MAX(0,Catatan!$B$3-H42),0) -> 0 | P42: =IF(M42<=0,"Lunas",IF(Catatan!$B$3<=H42,"Belum Jatuh Tempo",IF(O42<=30,"1-30 hari",IF(O42<=60,"31-60 hari",IF(O42<=90,"61-90 hari","90+ hari"))))) -> Lunas | R42: =IF(M42<=0,"",IF(O42>60,"1-Tinggi",IF(O42>30,"2-Sedang",IF(O42>0,"3-Rendah","4-Pantau")))) | S42: =IF(AND(M42>0,O42>0),O42+M42/1000000000000+ROW()/1000000000000000,"") | T42: =IF(J42="Belum ditukar",ROW(),"")
A43: INV-0042 | B43: 45667 | C43: C077 | D43: =INDEX(Master_Customer!$B$2:$B$126,MATCH(C43,Master_Customer!$A$2:$A$126,0)) -> MAJU SPAREPART UTAMA | E43: SALES D | F43: =SUMIFS(Data_Penjualan!$G$2:$G$5998,Data_Penjualan!$A$2:$A$5998,A43) -> 12418000 | G43: =IF(E43="KANTOR",0,INDEX(Master_Customer!$C$2:$C$126,MATCH(C43,Master_Customer!$A$2:$A$126,0))) -> 30 | H43: =B43+G43 -> 45697 | I43: 45671 | J43: =IF(G43=0,"Tunai",IF(I43="","Belum ditukar","Sudah ditukar")) -> Sudah ditukar | K43: 12418000 | L43: 45709 | M43: =F43-K43 -> 0 | N43: =IF(M43<=0,"Lunas",IF(K43>0,"Sebagian","Belum Bayar")) -> Lunas | O43: =IF(M43>0,MAX(0,Catatan!$B$3-H43),0) -> 0 | P43: =IF(M43<=0,"Lunas",IF(Catatan!$B$3<=H43,"Belum Jatuh Tempo",IF(O43<=30,"1-30 hari",IF(O43<=60,"31-60 hari",IF(O43<=90,"61-90 hari","90+ hari"))))) -> Lunas | R43: =IF(M43<=0,"",IF(O43>60,"1-Tinggi",IF(O43>30,"2-Sedang",IF(O43>0,"3-Rendah","4-Pantau")))) | S43: =IF(AND(M43>0,O43>0),O43+M43/1000000000000+ROW()/1000000000000000,"") | T43: =IF(J43="Belum ditukar",ROW(),"")
A44: INV-0043 | B44: 45668 | C44: C034 | D44: =INDEX(Master_Customer!$B$2:$B$126,MATCH(C44,Master_Customer!$A$2:$A$126,0)) -> GEMILANG GARAGE TIRTA | E44: SALES B | F44: =SUMIFS(Data_Penjualan!$G$2:$G$5998,Data_Penjualan!$A$2:$A$5998,A44) -> 14650800 | G44: =IF(E44="KANTOR",0,INDEX(Master_Customer!$C$2:$C$126,MATCH(C44,Master_Customer!$A$2:$A$126,0))) -> 14 | H44: =B44+G44 -> 45682 | I44: 45673 | J44: =IF(G44=0,"Tunai",IF(I44="","Belum ditukar","Sudah ditukar")) -> Sudah ditukar | K44: 14650800 | L44: 45679 | M44: =F44-K44 -> 0 | N44: =IF(M44<=0,"Lunas",IF(K44>0,"Sebagian","Belum Bayar")) -> Lunas | O44: =IF(M44>0,MAX(0,Catatan!$B$3-H44),0) -> 0 | P44: =IF(M44<=0,"Lunas",IF(Catatan!$B$3<=H44,"Belum Jatuh Tempo",IF(O44<=30,"1-30 hari",IF(O44<=60,"31-60 hari",IF(O44<=90,"61-90 hari","90+ hari"))))) -> Lunas | R44: =IF(M44<=0,"",IF(O44>60,"1-Tinggi",IF(O44>30,"2-Sedang",IF(O44>0,"3-Rendah","4-Pantau")))) | S44: =IF(AND(M44>0,O44>0),O44+M44/1000000000000+ROW()/1000000000000000,"") | T44: =IF(J44="Belum ditukar",ROW(),"")
A45: INV-0044 | B45: 45668 | C45: C105 | D45: =INDEX(Master_Customer!$B$2:$B$126,MATCH(C45,Master_Customer!$A$2:$A$126,0)) -> SENTOSA LUBRICANT MULIA | E45: SALES C | F45: =SUMIFS(Data_Penjualan!$G$2:$G$5998,Data_Penjualan!$A$2:$A$5998,A45) -> 9924300 | G45: =IF(E45="KANTOR",0,INDEX(Master_Customer!$C$2:$C$126,MATCH(C45,Master_Customer!$A$2:$A$126,0))) -> 45 | H45: =B45+G45 -> 45713 | I45: 45671 | J45: =IF(G45=0,"Tunai",IF(I45="","Belum ditukar","Sudah ditukar")) -> Sudah ditukar | K45: 9924300 | L45: 45773 | M45: =F45-K45 -> 0 | N45: =IF(M45<=0,"Lunas",IF(K45>0,"Sebagian","Belum Bayar")) -> Lunas | O45: =IF(M45>0,MAX(0,Catatan!$B$3-H45),0) -> 0 | P45: =IF(M45<=0,"Lunas",IF(Catatan!$B$3<=H45,"Belum Jatuh Tempo",IF(O45<=30,"1-30 hari",IF(O45<=60,"31-60 hari",IF(O45<=90,"61-90 hari","90+ hari"))))) -> Lunas | R45: =IF(M45<=0,"",IF(O45>60,"1-Tinggi",IF(O45>30,"2-Sedang",IF(O45>0,"3-Rendah","4-Pantau")))) | S45: =IF(AND(M45>0,O45>0),O45+M45/1000000000000+ROW()/1000000000000000,"") | T45: =IF(J45="Belum ditukar",ROW(),"")
A46: INV-0045 | B46: 45668 | C46: C032 | D46: =INDEX(Master_Customer!$B$2:$B$126,MATCH(C46,Master_Customer!$A$2:$A$126,0)) -> SINAR MOTOR UTAMA | E46: SALES C | F46: =SUMIFS(Data_Penjualan!$G$2:$G$5998,Data_Penjualan!$A$2:$A$5998,A46) -> 13345000 | G46: =IF(E46="KANTOR",0,INDEX(Master_Customer!$C$2:$C$126,MATCH(C46,Master_Customer!$A$2:$A$126,0))) -> 0 | H46: =B46+G46 -> 45668 | J46: =IF(G46=0,"Tunai",IF(I46="","Belum ditukar","Sudah ditukar")) -> Tunai | K46: 13345000 | L46: 45668 | M46: =F46-K46 -> 0 | N46: =IF(M46<=0,"Lunas",IF(K46>0,"Sebagian","Belum Bayar")) -> Lunas | O46: =IF(M46>0,MAX(0,Catatan!$B$3-H46),0) -> 0 | P46: =IF(M46<=0,"Lunas",IF(Catatan!$B$3<=H46,"Belum Jatuh Tempo",IF(O46<=30,"1-30 hari",IF(O46<=60,"31-60 hari",IF(O46<=90,"61-90 hari","90+ hari"))))) -> Lunas | R46: =IF(M46<=0,"",IF(O46>60,"1-Tinggi",IF(O46>30,"2-Sedang",IF(O46>0,"3-Rendah","4-Pantau")))) | S46: =IF(AND(M46>0,O46>0),O46+M46/1000000000000+ROW()/1000000000000000,"") | T46: =IF(J46="Belum ditukar",ROW(),"")
A47: INV-0046 | B47: 45668 | C47: C017 | D47: =INDEX(Master_Customer!$B$2:$B$126,MATCH(C47,Master_Customer!$A$2:$A$126,0)) -> ABADI AUTO SURYA | E47: SALES D | F47: =SUMIFS(Data_Penjualan!$G$2:$G$5998,Data_Penjualan!$A$2:$A$5998,A47) -> 13294200 | G47: =IF(E47="KANTOR",0,INDEX(Master_Customer!$C$2:$C$126,MATCH(C47,Master_Customer!$A$2:$A$126,0))) -> 14 | H47: =B47+G47 -> 45682 | I47: 45671 | J47: =IF(G47=0,"Tunai",IF(I47="","Belum ditukar","Sudah ditukar")) -> Sudah ditukar | K47: 13294200 | L47: 45724 | M47: =F47-K47 -> 0 | N47: =IF(M47<=0,"Lunas",IF(K47>0,"Sebagian","Belum Bayar")) -> Lunas | O47: =IF(M47>0,MAX(0,Catatan!$B$3-H47),0) -> 0 | P47: =IF(M47<=0,"Lunas",IF(Catatan!$B$3<=H47,"Belum Jatuh Tempo",IF(O47<=30,"1-30 hari",IF(O47<=60,"31-60 hari",IF(O47<=90,"61-90 hari","90+ hari"))))) -> Lunas | R47: =IF(M47<=0,"",IF(O47>60,"1-Tinggi",IF(O47>30,"2-Sedang",IF(O47>0,"3-Rendah","4-Pantau")))) | S47: =IF(AND(M47>0,O47>0),O47+M47/1000000000000+ROW()/1000000000000000,"") | T47: =IF(J47="Belum ditukar",ROW(),"")
A48: INV-0047 | B48: 45670 | C48: C052 | D48: =INDEX(Master_Customer!$B$2:$B$126,MATCH(C48,Master_Customer!$A$2:$A$126,0)) -> BINTANG LUBRICANT SURYA | E48: KANTOR | F48: =SUMIFS(Data_Penjualan!$G$2:$G$5998,Data_Penjualan!$A$2:$A$5998,A48) -> 12644700 | G48: =IF(E48="KANTOR",0,INDEX(Master_Customer!$C$2:$C$126,MATCH(C48,Master_Customer!$A$2:$A$126,0))) -> 0 | H48: =B48+G48 -> 45670 | J48: =IF(G48=0,"Tunai",IF(I48="","Belum ditukar","Sudah ditukar")) -> Tunai | K48: 12644700 | L48: 45670 | M48: =F48-K48 -> 0 | N48: =IF(M48<=0,"Lunas",IF(K48>0,"Sebagian","Belum Bayar")) -> Lunas | O48: =IF(M48>0,MAX(0,Catatan!$B$3-H48),0) -> 0 | P48: =IF(M48<=0,"Lunas",IF(Catatan!$B$3<=H48,"Belum Jatuh Tempo",IF(O48<=30,"1-30 hari",IF(O48<=60,"31-60 hari",IF(O48<=90,"61-90 hari","90+ hari"))))) -> Lunas | R48: =IF(M48<=0,"",IF(O48>60,"1-Tinggi",IF(O48>30,"2-Sedang",IF(O48>0,"3-Rendah","4-Pantau")))) | S48: =IF(AND(M48>0,O48>0),O48+M48/1000000000000+ROW()/1000000000000000,"") | T48: =IF(J48="Belum ditukar",ROW(),"")
A49: INV-0048 | B49: 45670 | C49: C030 | D49: =INDEX(Master_Customer!$B$2:$B$126,MATCH(C49,Master_Customer!$A$2:$A$126,0)) -> SENTOSA MOTOR | E49: SALES D | F49: =SUMIFS(Data_Penjualan!$G$2:$G$5998,Data_Penjualan!$A$2:$A$5998,A49) -> 13217100 | G49: =IF(E49="KANTOR",0,INDEX(Master_Customer!$C$2:$C$126,MATCH(C49,Master_Customer!$A$2:$A$126,0))) -> 45 | H49: =B49+G49 -> 45715 | I49: 45675 | J49: =IF(G49=0,"Tunai",IF(I49="","Belum ditukar","Sudah ditukar")) -> Sudah ditukar | K49: 13217100 | L49: 45716 | M49: =F49-K49 -> 0 | N49: =IF(M49<=0,"Lunas",IF(K49>0,"Sebagian","Belum Bayar")) -> Lunas | O49: =IF(M49>0,MAX(0,Catatan!$B$3-H49),0) -> 0 | P49: =IF(M49<=0,"Lunas",IF(Catatan!$B$3<=H49,"Belum Jatuh Tempo",IF(O49<=30,"1-30 hari",IF(O49<=60,"31-60 hari",IF(O49<=90,"61-90 hari","90+ hari"))))) -> Lunas | R49: =IF(M49<=0,"",IF(O49>60,"1-Tinggi",IF(O49>30,"2-Sedang",IF(O49>0,"3-Rendah","4-Pantau")))) | S49: =IF(AND(M49>0,O49>0),O49+M49/1000000000000+ROW()/1000000000000000,"") | T49: =IF(J49="Belum ditukar",ROW(),"")
A50: INV-0049 | B50: 45670 | C50: C091 | D50: =INDEX(Master_Customer!$B$2:$B$126,MATCH(C50,Master_Customer!$A$2:$A$126,0)) -> MAJU SPAREPART | E50: KANTOR | F50: =SUMIFS(Data_Penjualan!$G$2:$G$5998,Data_Penjualan!$A$2:$A$5998,A50) -> 14408700 | G50: =IF(E50="KANTOR",0,INDEX(Master_Customer!$C$2:$C$126,MATCH(C50,Master_Customer!$A$2:$A$126,0))) -> 0 | H50: =B50+G50 -> 45670 | J50: =IF(G50=0,"Tunai",IF(I50="","Belum ditukar","Sudah ditukar")) -> Tunai | K50: 14408700 | L50: 45670 | M50: =F50-K50 -> 0 | N50: =IF(M50<=0,"Lunas",IF(K50>0,"Sebagian","Belum Bayar")) -> Lunas | O50: =IF(M50>0,MAX(0,Catatan!$B$3-H50),0) -> 0 | P50: =IF(M50<=0,"Lunas",IF(Catatan!$B$3<=H50,"Belum Jatuh Tempo",IF(O50<=30,"1-30 hari",IF(O50<=60,"31-60 hari",IF(O50<=90,"61-90 hari","90+ hari"))))) -> Lunas | R50: =IF(M50<=0,"",IF(O50>60,"1-Tinggi",IF(O50>30,"2-Sedang",IF(O50>0,"3-Rendah","4-Pantau")))) | S50: =IF(AND(M50>0,O50>0),O50+M50/1000000000000+ROW()/1000000000000000,"") | T50: =IF(J50="Belum ditukar",ROW(),"")
A51: INV-0050 | B51: 45670 | C51: C050 | D51: =INDEX(Master_Customer!$B$2:$B$126,MATCH(C51,Master_Customer!$A$2:$A$126,0)) -> SUMBER TEKNIK SURYA | E51: SALES D | F51: =SUMIFS(Data_Penjualan!$G$2:$G$5998,Data_Penjualan!$A$2:$A$5998,A51) -> 4215900 | G51: =IF(E51="KANTOR",0,INDEX(Master_Customer!$C$2:$C$126,MATCH(C51,Master_Customer!$A$2:$A$126,0))) -> 30 | H51: =B51+G51 -> 45700 | I51: 45675 | J51: =IF(G51=0,"Tunai",IF(I51="","Belum ditukar","Sudah ditukar")) -> Sudah ditukar | K51: 4215900 | L51: 45692 | M51: =F51-K51 -> 0 | N51: =IF(M51<=0,"Lunas",IF(K51>0,"Sebagian","Belum Bayar")) -> Lunas | O51: =IF(M51>0,MAX(0,Catatan!$B$3-H51),0) -> 0 | P51: =IF(M51<=0,"Lunas",IF(Catatan!$B$3<=H51,"Belum Jatuh Tempo",IF(O51<=30,"1-30 hari",IF(O51<=60,"31-60 hari",IF(O51<=90,"61-90 hari","90+ hari"))))) -> Lunas | R51: =IF(M51<=0,"",IF(O51>60,"1-Tinggi",IF(O51>30,"2-Sedang",IF(O51>0,"3-Rendah","4-Pantau")))) | S51: =IF(AND(M51>0,O51>0),O51+M51/1000000000000+ROW()/1000000000000000,"") | T51: =IF(J51="Belum ditukar",ROW(),"")
A52: INV-0051 | B52: 45670 | C52: C116 | D52: =INDEX(Master_Customer!$B$2:$B$126,MATCH(C52,Master_Customer!$A$2:$A$126,0)) -> PRIMA MOTOR LANCAR | E52: SALES B | F52: =SUMIFS(Data_Penjualan!$G$2:$G$5998,Data_Penjualan!$A$2:$A$5998,A52) -> 13198600 | G52: =IF(E52="KANTOR",0,INDEX(Master_Customer!$C$2:$C$126,MATCH(C52,Master_Customer!$A$2:$A$126,0))) -> 14 | H52: =B52+G52 -> 45684 | I52: 45672 | J52: =IF(G52=0,"Tunai",IF(I52="","Belum ditukar","Sudah ditukar")) -> Sudah ditukar | K52: 13198600 | L52: 45677 | M52: =F52-K52 -> 0 | N52: =IF(M52<=0,"Lunas",IF(K52>0,"Sebagian","Belum Bayar")) -> Lunas | O52: =IF(M52>0,MAX(0,Catatan!$B$3-H52),0) -> 0 | P52: =IF(M52<=0,"Lunas",IF(Catatan!$B$3<=H52,"Belum Jatuh Tempo",IF(O52<=30,"1-30 hari",IF(O52<=60,"31-60 hari",IF(O52<=90,"61-90 hari","90+ hari"))))) -> Lunas | R52: =IF(M52<=0,"",IF(O52>60,"1-Tinggi",IF(O52>30,"2-Sedang",IF(O52>0,"3-Rendah","4-Pantau")))) | S52: =IF(AND(M52>0,O52>0),O52+M52/1000000000000+ROW()/1000000000000000,"") | T52: =IF(J52="Belum ditukar",ROW(),"")
A53: INV-0052 | B53: 45670 | C53: C096 | D53: =INDEX(Master_Customer!$B$2:$B$126,MATCH(C53,Master_Customer!$A$2:$A$126,0)) -> MAJU GARAGE TIRTA | E53: SALES D | F53: =SUMIFS(Data_Penjualan!$G$2:$G$5998,Data_Penjualan!$A$2:$A$5998,A53) -> 5944800 | G53: =IF(E53="KANTOR",0,INDEX(Master_Customer!$C$2:$C$126,MATCH(C53,Master_Customer!$A$2:$A$126,0))) -> 45 | H53: =B53+G53 -> 45715 | I53: 45673 | J53: =IF(G53=0,"Tunai",IF(I53="","Belum ditukar","Sudah ditukar")) -> Sudah ditukar | K53: 5944800 | L53: 45715 | M53: =F53-K53 -> 0 | N53: =IF(M53<=0,"Lunas",IF(K53>0,"Sebagian","Belum Bayar")) -> Lunas | O53: =IF(M53>0,MAX(0,Catatan!$B$3-H53),0) -> 0 | P53: =IF(M53<=0,"Lunas",IF(Catatan!$B$3<=H53,"Belum Jatuh Tempo",IF(O53<=30,"1-30 hari",IF(O53<=60,"31-60 hari",IF(O53<=90,"61-90 hari","90+ hari"))))) -> Lunas | R53: =IF(M53<=0,"",IF(O53>60,"1-Tinggi",IF(O53>30,"2-Sedang",IF(O53>0,"3-Rendah","4-Pantau")))) | S53: =IF(AND(M53>0,O53>0),O53+M53/1000000000000+ROW()/1000000000000000,"") | T53: =IF(J53="Belum ditukar",ROW(),"")
A54: INV-0053 | B54: 45671 | C54: C012 | D54: =INDEX(Master_Customer!$B$2:$B$126,MATCH(C54,Master_Customer!$A$2:$A$126,0)) -> HARAPAN SPAREPART | E54: KANTOR | F54: =SUMIFS(Data_Penjualan!$G$2:$G$5998,Data_Penjualan!$A$2:$A$5998,A54) -> 10226500 | G54: =IF(E54="KANTOR",0,INDEX(Master_Customer!$C$2:$C$126,MATCH(C54,Master_Customer!$A$2:$A$126,0))) -> 0 | H54: =B54+G54 -> 45671 | J54: =IF(G54=0,"Tunai",IF(I54="","Belum ditukar","Sudah ditukar")) -> Tunai | K54: 10226500 | L54: 45671 | M54: =F54-K54 -> 0 | N54: =IF(M54<=0,"Lunas",IF(K54>0,"Sebagian","Belum Bayar")) -> Lunas | O54: =IF(M54>0,MAX(0,Catatan!$B$3-H54),0) -> 0 | P54: =IF(M54<=0,"Lunas",IF(Catatan!$B$3<=H54,"Belum Jatuh Tempo",IF(O54<=30,"1-30 hari",IF(O54<=60,"31-60 hari",IF(O54<=90,"61-90 hari","90+ hari"))))) -> Lunas | R54: =IF(M54<=0,"",IF(O54>60,"1-Tinggi",IF(O54>30,"2-Sedang",IF(O54>0,"3-Rendah","4-Pantau")))) | S54: =IF(AND(M54>0,O54>0),O54+M54/1000000000000+ROW()/1000000000000000,"") | T54: =IF(J54="Belum ditukar",ROW(),"")
A55: INV-0054 | B55: 45671 | C55: C052 | D55: =INDEX(Master_Customer!$B$2:$B$126,MATCH(C55,Master_Customer!$A$2:$A$126,0)) -> BINTANG LUBRICANT SURYA | E55: KANTOR | F55: =SUMIFS(Data_Penjualan!$G$2:$G$5998,Data_Penjualan!$A$2:$A$5998,A55) -> 10058000 | G55: =IF(E55="KANTOR",0,INDEX(Master_Customer!$C$2:$C$126,MATCH(C55,Master_Customer!$A$2:$A$126,0))) -> 0 | H55: =B55+G55 -> 45671 | J55: =IF(G55=0,"Tunai",IF(I55="","Belum ditukar","Sudah ditukar")) -> Tunai | K55: 10058000 | L55: 45671 | M55: =F55-K55 -> 0 | N55: =IF(M55<=0,"Lunas",IF(K55>0,"Sebagian","Belum Bayar")) -> Lunas | O55: =IF(M55>0,MAX(0,Catatan!$B$3-H55),0) -> 0 | P55: =IF(M55<=0,"Lunas",IF(Catatan!$B$3<=H55,"Belum Jatuh Tempo",IF(O55<=30,"1-30 hari",IF(O55<=60,"31-60 hari",IF(O55<=90,"61-90 hari","90+ hari"))))) -> Lunas | R55: =IF(M55<=0,"",IF(O55>60,"1-Tinggi",IF(O55>30,"2-Sedang",IF(O55>0,"3-Rendah","4-Pantau")))) | S55: =IF(AND(M55>0,O55>0),O55+M55/1000000000000+ROW()/1000000000000000,"") | T55: =IF(J55="Belum ditukar",ROW(),"")
A56: INV-0055 | B56: 45671 | C56: C038 | D56: =INDEX(Master_Customer!$B$2:$B$126,MATCH(C56,Master_Customer!$A$2:$A$126,0)) -> LANCAR OLI | E56: KANTOR | F56: =SUMIFS(Data_Penjualan!$G$2:$G$5998,Data_Penjualan!$A$2:$A$5998,A56) -> 12043600 | G56: =IF(E56="KANTOR",0,INDEX(Master_Customer!$C$2:$C$126,MATCH(C56,Master_Customer!$A$2:$A$126,0))) -> 0 | H56: =B56+G56 -> 45671 | J56: =IF(G56=0,"Tunai",IF(I56="","Belum ditukar","Sudah ditukar")) -> Tunai | K56: 12043600 | L56: 45673 | M56: =F56-K56 -> 0 | N56: =IF(M56<=0,"Lunas",IF(K56>0,"Sebagian","Belum Bayar")) -> Lunas | O56: =IF(M56>0,MAX(0,Catatan!$B$3-H56),0) -> 0 | P56: =IF(M56<=0,"Lunas",IF(Catatan!$B$3<=H56,"Belum Jatuh Tempo",IF(O56<=30,"1-30 hari",IF(O56<=60,"31-60 hari",IF(O56<=90,"61-90 hari","90+ hari"))))) -> Lunas | R56: =IF(M56<=0,"",IF(O56>60,"1-Tinggi",IF(O56>30,"2-Sedang",IF(O56>0,"3-Rendah","4-Pantau")))) | S56: =IF(AND(M56>0,O56>0),O56+M56/1000000000000+ROW()/1000000000000000,"") | T56: =IF(J56="Belum ditukar",ROW(),"")
A57: INV-0056 | B57: 45671 | C57: C045 | D57: =INDEX(Master_Customer!$B$2:$B$126,MATCH(C57,Master_Customer!$A$2:$A$126,0)) -> SUMBER MOTOR UTAMA | E57: SALES A | F57: =SUMIFS(Data_Penjualan!$G$2:$G$5998,Data_Penjualan!$A$2:$A$5998,A57) -> 18327700 | G57: =IF(E57="KANTOR",0,INDEX(Master_Customer!$C$2:$C$126,MATCH(C57,Master_Customer!$A$2:$A$126,0))) -> 0 | H57: =B57+G57 -> 45671 | J57: =IF(G57=0,"Tunai",IF(I57="","Belum ditukar","Sudah ditukar")) -> Tunai | K57: 18327700 | L57: 45671 | M57: =F57-K57 -> 0 | N57: =IF(M57<=0,"Lunas",IF(K57>0,"Sebagian","Belum Bayar")) -> Lunas | O57: =IF(M57>0,MAX(0,Catatan!$B$3-H57),0) -> 0 | P57: =IF(M57<=0,"Lunas",IF(Catatan!$B$3<=H57,"Belum Jatuh Tempo",IF(O57<=30,"1-30 hari",IF(O57<=60,"31-60 hari",IF(O57<=90,"61-90 hari","90+ hari"))))) -> Lunas | R57: =IF(M57<=0,"",IF(O57>60,"1-Tinggi",IF(O57>30,"2-Sedang",IF(O57>0,"3-Rendah","4-Pantau")))) | S57: =IF(AND(M57>0,O57>0),O57+M57/1000000000000+ROW()/1000000000000000,"") | T57: =IF(J57="Belum ditukar",ROW(),"")
A58: INV-0057 | B58: 45671 | C58: C105 | D58: =INDEX(Master_Customer!$B$2:$B$126,MATCH(C58,Master_Customer!$A$2:$A$126,0)) -> SENTOSA LUBRICANT MULIA | E58: SALES C | F58: =SUMIFS(Data_Penjualan!$G$2:$G$5998,Data_Penjualan!$A$2:$A$5998,A58) -> 11536000 | G58: =IF(E58="KANTOR",0,INDEX(Master_Customer!$C$2:$C$126,MATCH(C58,Master_Customer!$A$2:$A$126,0))) -> 45 | H58: =B58+G58 -> 45716 | I58: 45672 | J58: =IF(G58=0,"Tunai",IF(I58="","Belum ditukar","Sudah ditukar")) -> Sudah ditukar | K58: 11536000 | L58: 45746 | M58: =F58-K58 -> 0 | N58: =IF(M58<=0,"Lunas",IF(K58>0,"Sebagian","Belum Bayar")) -> Lunas | O58: =IF(M58>0,MAX(0,Catatan!$B$3-H58),0) -> 0 | P58: =IF(M58<=0,"Lunas",IF(Catatan!$B$3<=H58,"Belum Jatuh Tempo",IF(O58<=30,"1-30 hari",IF(O58<=60,"31-60 hari",IF(O58<=90,"61-90 hari","90+ hari"))))) -> Lunas | R58: =IF(M58<=0,"",IF(O58>60,"1-Tinggi",IF(O58>30,"2-Sedang",IF(O58>0,"3-Rendah","4-Pantau")))) | S58: =IF(AND(M58>0,O58>0),O58+M58/1000000000000+ROW()/1000000000000000,"") | T58: =IF(J58="Belum ditukar",ROW(),"")
A59: INV-0058 | B59: 45671 | C59: C052 | D59: =INDEX(Master_Customer!$B$2:$B$126,MATCH(C59,Master_Customer!$A$2:$A$126,0)) -> BINTANG LUBRICANT SURYA | E59: SALES A | F59: =SUMIFS(Data_Penjualan!$G$2:$G$5998,Data_Penjualan!$A$2:$A$5998,A59) -> 15402500 | G59: =IF(E59="KANTOR",0,INDEX(Master_Customer!$C$2:$C$126,MATCH(C59,Master_Customer!$A$2:$A$126,0))) -> 30 | H59: =B59+G59 -> 45701 | I59: 45676 | J59: =IF(G59=0,"Tunai",IF(I59="","Belum ditukar","Sudah ditukar")) -> Sudah ditukar | K59: 15402500 | L59: 45703 | M59: =F59-K59 -> 0 | N59: =IF(M59<=0,"Lunas",IF(K59>0,"Sebagian","Belum Bayar")) -> Lunas | O59: =IF(M59>0,MAX(0,Catatan!$B$3-H59),0) -> 0 | P59: =IF(M59<=0,"Lunas",IF(Catatan!$B$3<=H59,"Belum Jatuh Tempo",IF(O59<=30,"1-30 hari",IF(O59<=60,"31-60 hari",IF(O59<=90,"61-90 hari","90+ hari"))))) -> Lunas | R59: =IF(M59<=0,"",IF(O59>60,"1-Tinggi",IF(O59>30,"2-Sedang",IF(O59>0,"3-Rendah","4-Pantau")))) | S59: =IF(AND(M59>0,O59>0),O59+M59/1000000000000+ROW()/1000000000000000,"") | T59: =IF(J59="Belum ditukar",ROW(),"")
A60: INV-0059 | B60: 45672 | C60: C026 | D60: =INDEX(Master_Customer!$B$2:$B$126,MATCH(C60,Master_Customer!$A$2:$A$126,0)) -> BINTANG TEKNIK SURYA | E60: SALES B | F60: =SUMIFS(Data_Penjualan!$G$2:$G$5998,Data_Penjualan!$A$2:$A$5998,A60) -> 8210500 | G60: =IF(E60="KANTOR",0,INDEX(Master_Customer!$C$2:$C$126,MATCH(C60,Master_Customer!$A$2:$A$126,0))) -> 45 | H60: =B60+G60 -> 45717 | I60: 45676 | J60: =IF(G60=0,"Tunai",IF(I60="","Belum ditukar","Sudah ditukar")) -> Sudah ditukar | K60: 8210500 | L60: 45720 | M60: =F60-K60 -> 0 | N60: =IF(M60<=0,"Lunas",IF(K60>0,"Sebagian","Belum Bayar")) -> Lunas | O60: =IF(M60>0,MAX(0,Catatan!$B$3-H60),0) -> 0 | P60: =IF(M60<=0,"Lunas",IF(Catatan!$B$3<=H60,"Belum Jatuh Tempo",IF(O60<=30,"1-30 hari",IF(O60<=60,"31-60 hari",IF(O60<=90,"61-90 hari","90+ hari"))))) -> Lunas | R60: =IF(M60<=0,"",IF(O60>60,"1-Tinggi",IF(O60>30,"2-Sedang",IF(O60>0,"3-Rendah","4-Pantau")))) | S60: =IF(AND(M60>0,O60>0),O60+M60/1000000000000+ROW()/1000000000000000,"") | T60: =IF(J60="Belum ditukar",ROW(),"")
A61: INV-0060 | B61: 45672 | C61: C042 | D61: =INDEX(Master_Customer!$B$2:$B$126,MATCH(C61,Master_Customer!$A$2:$A$126,0)) -> BERKAH LUBRICANT SURYA | E61: SALES B | F61: =SUMIFS(Data_Penjualan!$G$2:$G$5998,Data_Penjualan!$A$2:$A$5998,A61) -> 8982300 | G61: =IF(E61="KANTOR",0,INDEX(Master_Customer!$C$2:$C$126,MATCH(C61,Master_Customer!$A$2:$A$126,0))) -> 30 | H61: =B61+G61 -> 45702 | I61: 45673 | J61: =IF(G61=0,"Tunai",IF(I61="","Belum ditukar","Sudah ditukar")) -> Sudah ditukar | K61: 8982300 | L61: 45697 | M61: =F61-K61 -> 0 | N61: =IF(M61<=0,"Lunas",IF(K61>0,"Sebagian","Belum Bayar")) -> Lunas | O61: =IF(M61>0,MAX(0,Catatan!$B$3-H61),0) -> 0 | P61: =IF(M61<=0,"Lunas",IF(Catatan!$B$3<=H61,"Belum Jatuh Tempo",IF(O61<=30,"1-30 hari",IF(O61<=60,"31-60 hari",IF(O61<=90,"61-90 hari","90+ hari"))))) -> Lunas | R61: =IF(M61<=0,"",IF(O61>60,"1-Tinggi",IF(O61>30,"2-Sedang",IF(O61>0,"3-Rendah","4-Pantau")))) | S61: =IF(AND(M61>0,O61>0),O61+M61/1000000000000+ROW()/1000000000000000,"") | T61: =IF(J61="Belum ditukar",ROW(),"")
A62: INV-0061 | B62: 45672 | C62: C091 | D62: =INDEX(Master_Customer!$B$2:$B$126,MATCH(C62,Master_Customer!$A$2:$A$126,0)) -> MAJU SPAREPART | E62: SALES B | F62: =SUMIFS(Data_Penjualan!$G$2:$G$5998,Data_Penjualan!$A$2:$A$5998,A62) -> 3715300 | G62: =IF(E62="KANTOR",0,INDEX(Master_Customer!$C$2:$C$126,MATCH(C62,Master_Customer!$A$2:$A$126,0))) -> 45 | H62: =B62+G62 -> 45717 | I62: 45676 | J62: =IF(G62=0,"Tunai",IF(I62="","Belum ditukar","Sudah ditukar")) -> Sudah ditukar | K62: 3715300 | L62: 45729 | M62: =F62-K62 -> 0 | N62: =IF(M62<=0,"Lunas",IF(K62>0,"Sebagian","Belum Bayar")) -> Lunas | O62: =IF(M62>0,MAX(0,Catatan!$B$3-H62),0) -> 0 | P62: =IF(M62<=0,"Lunas",IF(Catatan!$B$3<=H62,"Belum Jatuh Tempo",IF(O62<=30,"1-30 hari",IF(O62<=60,"31-60 hari",IF(O62<=90,"61-90 hari","90+ hari"))))) -> Lunas | R62: =IF(M62<=0,"",IF(O62>60,"1-Tinggi",IF(O62>30,"2-Sedang",IF(O62>0,"3-Rendah","4-Pantau")))) | S62: =IF(AND(M62>0,O62>0),O62+M62/1000000000000+ROW()/1000000000000000,"") | T62: =IF(J62="Belum ditukar",ROW(),"")
A63: INV-0062 | B63: 45672 | C63: C053 | D63: =INDEX(Master_Customer!$B$2:$B$126,MATCH(C63,Master_Customer!$A$2:$A$126,0)) -> KARYA BENGKEL | E63: SALES A | F63: =SUMIFS(Data_Penjualan!$G$2:$G$5998,Data_Penjualan!$A$2:$A$5998,A63) -> 10135100 | G63: =IF(E63="KANTOR",0,INDEX(Master_Customer!$C$2:$C$126,MATCH(C63,Master_Customer!$A$2:$A$126,0))) -> 14 | H63: =B63+G63 -> 45686 | I63: 45675 | J63: =IF(G63=0,"Tunai",IF(I63="","Belum ditukar","Sudah ditukar")) -> Sudah ditukar | K63: 10135100 | L63: 45705 | M63: =F63-K63 -> 0 | N63: =IF(M63<=0,"Lunas",IF(K63>0,"Sebagian","Belum Bayar")) -> Lunas | O63: =IF(M63>0,MAX(0,Catatan!$B$3-H63),0) -> 0 | P63: =IF(M63<=0,"Lunas",IF(Catatan!$B$3<=H63,"Belum Jatuh Tempo",IF(O63<=30,"1-30 hari",IF(O63<=60,"31-60 hari",IF(O63<=90,"61-90 hari","90+ hari"))))) -> Lunas | R63: =IF(M63<=0,"",IF(O63>60,"1-Tinggi",IF(O63>30,"2-Sedang",IF(O63>0,"3-Rendah","4-Pantau")))) | S63: =IF(AND(M63>0,O63>0),O63+M63/1000000000000+ROW()/1000000000000000,"") | T63: =IF(J63="Belum ditukar",ROW(),"")
A64: INV-0063 | B64: 45673 | C64: C040 | D64: =INDEX(Master_Customer!$B$2:$B$126,MATCH(C64,Master_Customer!$A$2:$A$126,0)) -> CAHAYA MOTOR | E64: KANTOR | F64: =SUMIFS(Data_Penjualan!$G$2:$G$5998,Data_Penjualan!$A$2:$A$5998,A64) -> 5895100 | G64: =IF(E64="KANTOR",0,INDEX(Master_Customer!$C$2:$C$126,MATCH(C64,Master_Customer!$A$2:$A$126,0))) -> 0 | H64: =B64+G64 -> 45673 | J64: =IF(G64=0,"Tunai",IF(I64="","Belum ditukar","Sudah ditukar")) -> Tunai | K64: 5895100 | L64: 45673 | M64: =F64-K64 -> 0 | N64: =IF(M64<=0,"Lunas",IF(K64>0,"Sebagian","Belum Bayar")) -> Lunas | O64: =IF(M64>0,MAX(0,Catatan!$B$3-H64),0) -> 0 | P64: =IF(M64<=0,"Lunas",IF(Catatan!$B$3<=H64,"Belum Jatuh Tempo",IF(O64<=30,"1-30 hari",IF(O64<=60,"31-60 hari",IF(O64<=90,"61-90 hari","90+ hari"))))) -> Lunas | R64: =IF(M64<=0,"",IF(O64>60,"1-Tinggi",IF(O64>30,"2-Sedang",IF(O64>0,"3-Rendah","4-Pantau")))) | S64: =IF(AND(M64>0,O64>0),O64+M64/1000000000000+ROW()/1000000000000000,"") | T64: =IF(J64="Belum ditukar",ROW(),"")
A65: INV-0064 | B65: 45673 | C65: C079 | D65: =INDEX(Master_Customer!$B$2:$B$126,MATCH(C65,Master_Customer!$A$2:$A$126,0)) -> UTAMA LUBRICANT HARAPAN | E65: SALES C | F65: =SUMIFS(Data_Penjualan!$G$2:$G$5998,Data_Penjualan!$A$2:$A$5998,A65) -> 7343300 | G65: =IF(E65="KANTOR",0,INDEX(Master_Customer!$C$2:$C$126,MATCH(C65,Master_Customer!$A$2:$A$126,0))) -> 30 | H65: =B65+G65 -> 45703 | I65: 45676 | J65: =IF(G65=0,"Tunai",IF(I65="","Belum ditukar","Sudah ditukar")) -> Sudah ditukar | K65: 7343300 | L65: 45692 | M65: =F65-K65 -> 0 | N65: =IF(M65<=0,"Lunas",IF(K65>0,"Sebagian","Belum Bayar")) -> Lunas | O65: =IF(M65>0,MAX(0,Catatan!$B$3-H65),0) -> 0 | P65: =IF(M65<=0,"Lunas",IF(Catatan!$B$3<=H65,"Belum Jatuh Tempo",IF(O65<=30,"1-30 hari",IF(O65<=60,"31-60 hari",IF(O65<=90,"61-90 hari","90+ hari"))))) -> Lunas | R65: =IF(M65<=0,"",IF(O65>60,"1-Tinggi",IF(O65>30,"2-Sedang",IF(O65>0,"3-Rendah","4-Pantau")))) | S65: =IF(AND(M65>0,O65>0),O65+M65/1000000000000+ROW()/1000000000000000,"") | T65: =IF(J65="Belum ditukar",ROW(),"")
A66: INV-0065 | B66: 45673 | C66: C050 | D66: =INDEX(Master_Customer!$B$2:$B$126,MATCH(C66,Master_Customer!$A$2:$A$126,0)) -> SUMBER TEKNIK SURYA | E66: KANTOR | F66: =SUMIFS(Data_Penjualan!$G$2:$G$5998,Data_Penjualan!$A$2:$A$5998,A66) -> 19943400 | G66: =IF(E66="KANTOR",0,INDEX(Master_Customer!$C$2:$C$126,MATCH(C66,Master_Customer!$A$2:$A$126,0))) -> 0 | H66: =B66+G66 -> 45673 | J66: =IF(G66=0,"Tunai",IF(I66="","Belum ditukar","Sudah ditukar")) -> Tunai | K66: 19943400 | L66: 45673 | M66: =F66-K66 -> 0 | N66: =IF(M66<=0,"Lunas",IF(K66>0,"Sebagian","Belum Bayar")) -> Lunas | O66: =IF(M66>0,MAX(0,Catatan!$B$3-H66),0) -> 0 | P66: =IF(M66<=0,"Lunas",IF(Catatan!$B$3<=H66,"Belum Jatuh Tempo",IF(O66<=30,"1-30 hari",IF(O66<=60,"31-60 hari",IF(O66<=90,"61-90 hari","90+ hari"))))) -> Lunas | R66: =IF(M66<=0,"",IF(O66>60,"1-Tinggi",IF(O66>30,"2-Sedang",IF(O66>0,"3-Rendah","4-Pantau")))) | S66: =IF(AND(M66>0,O66>0),O66+M66/1000000000000+ROW()/1000000000000000,"") | T66: =IF(J66="Belum ditukar",ROW(),"")
A67: INV-0066 | B67: 45673 | C67: C047 | D67: =INDEX(Master_Customer!$B$2:$B$126,MATCH(C67,Master_Customer!$A$2:$A$126,0)) -> KARYA SPAREPART | E67: KANTOR | F67: =SUMIFS(Data_Penjualan!$G$2:$G$5998,Data_Penjualan!$A$2:$A$5998,A67) -> 14538100 | G67: =IF(E67="KANTOR",0,INDEX(Master_Customer!$C$2:$C$126,MATCH(C67,Master_Customer!$A$2:$A$126,0))) -> 0 | H67: =B67+G67 -> 45673 | J67: =IF(G67=0,"Tunai",IF(I67="","Belum ditukar","Sudah ditukar")) -> Tunai | K67: 14538100 | L67: 45675 | M67: =F67-K67 -> 0 | N67: =IF(M67<=0,"Lunas",IF(K67>0,"Sebagian","Belum Bayar")) -> Lunas | O67: =IF(M67>0,MAX(0,Catatan!$B$3-H67),0) -> 0 | P67: =IF(M67<=0,"Lunas",IF(Catatan!$B$3<=H67,"Belum Jatuh Tempo",IF(O67<=30,"1-30 hari",IF(O67<=60,"31-60 hari",IF(O67<=90,"61-90 hari","90+ hari"))))) -> Lunas | R67: =IF(M67<=0,"",IF(O67>60,"1-Tinggi",IF(O67>30,"2-Sedang",IF(O67>0,"3-Rendah","4-Pantau")))) | S67: =IF(AND(M67>0,O67>0),O67+M67/1000000000000+ROW()/1000000000000000,"") | T67: =IF(J67="Belum ditukar",ROW(),"")
A68: INV-0067 | B68: 45674 | C68: C026 | D68: =INDEX(Master_Customer!$B$2:$B$126,MATCH(C68,Master_Customer!$A$2:$A$126,0)) -> BINTANG TEKNIK SURYA | E68: KANTOR | F68: =SUMIFS(Data_Penjualan!$G$2:$G$5998,Data_Penjualan!$A$2:$A$5998,A68) -> 11584000 | G68: =IF(E68="KANTOR",0,INDEX(Master_Customer!$C$2:$C$126,MATCH(C68,Master_Customer!$A$2:$A$126,0))) -> 0 | H68: =B68+G68 -> 45674 | J68: =IF(G68=0,"Tunai",IF(I68="","Belum ditukar","Sudah ditukar")) -> Tunai | K68: 11584000 | L68: 45675 | M68: =F68-K68 -> 0 | N68: =IF(M68<=0,"Lunas",IF(K68>0,"Sebagian","Belum Bayar")) -> Lunas | O68: =IF(M68>0,MAX(0,Catatan!$B$3-H68),0) -> 0 | P68: =IF(M68<=0,"Lunas",IF(Catatan!$B$3<=H68,"Belum Jatuh Tempo",IF(O68<=30,"1-30 hari",IF(O68<=60,"31-60 hari",IF(O68<=90,"61-90 hari","90+ hari"))))) -> Lunas | R68: =IF(M68<=0,"",IF(O68>60,"1-Tinggi",IF(O68>30,"2-Sedang",IF(O68>0,"3-Rendah","4-Pantau")))) | S68: =IF(AND(M68>0,O68>0),O68+M68/1000000000000+ROW()/1000000000000000,"") | T68: =IF(J68="Belum ditukar",ROW(),"")
A69: INV-0068 | B69: 45674 | C69: C096 | D69: =INDEX(Master_Customer!$B$2:$B$126,MATCH(C69,Master_Customer!$A$2:$A$126,0)) -> MAJU GARAGE TIRTA | E69: SALES D | F69: =SUMIFS(Data_Penjualan!$G$2:$G$5998,Data_Penjualan!$A$2:$A$5998,A69) -> 4657800 | G69: =IF(E69="KANTOR",0,INDEX(Master_Customer!$C$2:$C$126,MATCH(C69,Master_Customer!$A$2:$A$126,0))) -> 45 | H69: =B69+G69 -> 45719 | I69: 45676 | J69: =IF(G69=0,"Tunai",IF(I69="","Belum ditukar","Sudah ditukar")) -> Sudah ditukar | K69: 4657800 | L69: 45715 | M69: =F69-K69 -> 0 | N69: =IF(M69<=0,"Lunas",IF(K69>0,"Sebagian","Belum Bayar")) -> Lunas | O69: =IF(M69>0,MAX(0,Catatan!$B$3-H69),0) -> 0 | P69: =IF(M69<=0,"Lunas",IF(Catatan!$B$3<=H69,"Belum Jatuh Tempo",IF(O69<=30,"1-30 hari",IF(O69<=60,"31-60 hari",IF(O69<=90,"61-90 hari","90+ hari"))))) -> Lunas | R69: =IF(M69<=0,"",IF(O69>60,"1-Tinggi",IF(O69>30,"2-Sedang",IF(O69>0,"3-Rendah","4-Pantau")))) | S69: =IF(AND(M69>0,O69>0),O69+M69/1000000000000+ROW()/1000000000000000,"") | T69: =IF(J69="Belum ditukar",ROW(),"")
A70: INV-0069 | B70: 45674 | C70: C005 | D70: =INDEX(Master_Customer!$B$2:$B$126,MATCH(C70,Master_Customer!$A$2:$A$126,0)) -> SURYA MOTOR | E70: SALES D | F70: =SUMIFS(Data_Penjualan!$G$2:$G$5998,Data_Penjualan!$A$2:$A$5998,A70) -> 8230400 | G70: =IF(E70="KANTOR",0,INDEX(Master_Customer!$C$2:$C$126,MATCH(C70,Master_Customer!$A$2:$A$126,0))) -> 14 | H70: =B70+G70 -> 45688 | I70: 45679 | J70: =IF(G70=0,"Tunai",IF(I70="","Belum ditukar","Sudah ditukar")) -> Sudah ditukar | K70: 8230400 | L70: 45689 | M70: =F70-K70 -> 0 | N70: =IF(M70<=0,"Lunas",IF(K70>0,"Sebagian","Belum Bayar")) -> Lunas | O70: =IF(M70>0,MAX(0,Catatan!$B$3-H70),0) -> 0 | P70: =IF(M70<=0,"Lunas",IF(Catatan!$B$3<=H70,"Belum Jatuh Tempo",IF(O70<=30,"1-30 hari",IF(O70<=60,"31-60 hari",IF(O70<=90,"61-90 hari","90+ hari"))))) -> Lunas | R70: =IF(M70<=0,"",IF(O70>60,"1-Tinggi",IF(O70>30,"2-Sedang",IF(O70>0,"3-Rendah","4-Pantau")))) | S70: =IF(AND(M70>0,O70>0),O70+M70/1000000000000+ROW()/1000000000000000,"") | T70: =IF(J70="Belum ditukar",ROW(),"")
A71: INV-0070 | B71: 45674 | C71: C129 | D71: =INDEX(Master_Customer!$B$2:$B$126,MATCH(C71,Master_Customer!$A$2:$A$126,0)) -> CAHAYA TEKNIK SURYA | E71: KANTOR | F71: =SUMIFS(Data_Penjualan!$G$2:$G$5998,Data_Penjualan!$A$2:$A$5998,A71) -> 16356000 | G71: =IF(E71="KANTOR",0,INDEX(Master_Customer!$C$2:$C$126,MATCH(C71,Master_Customer!$A$2:$A$126,0))) -> 0 | H71: =B71+G71 -> 45674 | J71: =IF(G71=0,"Tunai",IF(I71="","Belum ditukar","Sudah ditukar")) -> Tunai | K71: 16356000 | L71: 45677 | M71: =F71-K71 -> 0 | N71: =IF(M71<=0,"Lunas",IF(K71>0,"Sebagian","Belum Bayar")) -> Lunas | O71: =IF(M71>0,MAX(0,Catatan!$B$3-H71),0) -> 0 | P71: =IF(M71<=0,"Lunas",IF(Catatan!$B$3<=H71,"Belum Jatuh Tempo",IF(O71<=30,"1-30 hari",IF(O71<=60,"31-60 hari",IF(O71<=90,"61-90 hari","90+ hari"))))) -> Lunas | R71: =IF(M71<=0,"",IF(O71>60,"1-Tinggi",IF(O71>30,"2-Sedang",IF(O71>0,"3-Rendah","4-Pantau")))) | S71: =IF(AND(M71>0,O71>0),O71+M71/1000000000000+ROW()/1000000000000000,"") | T71: =IF(J71="Belum ditukar",ROW(),"")
A72: INV-0071 | B72: 45674 | C72: C125 | D72: =INDEX(Master_Customer!$B$2:$B$126,MATCH(C72,Master_Customer!$A$2:$A$126,0)) -> BINTANG BENGKEL | E72: SALES D | F72: =SUMIFS(Data_Penjualan!$G$2:$G$5998,Data_Penjualan!$A$2:$A$5998,A72) -> 15413000 | G72: =IF(E72="KANTOR",0,INDEX(Master_Customer!$C$2:$C$126,MATCH(C72,Master_Customer!$A$2:$A$126,0))) -> 14 | H72: =B72+G72 -> 45688 | I72: 45678 | J72: =IF(G72=0,"Tunai",IF(I72="","Belum ditukar","Sudah ditukar")) -> Sudah ditukar | K72: 15413000 | L72: 45714 | M72: =F72-K72 -> 0 | N72: =IF(M72<=0,"Lunas",IF(K72>0,"Sebagian","Belum Bayar")) -> Lunas | O72: =IF(M72>0,MAX(0,Catatan!$B$3-H72),0) -> 0 | P72: =IF(M72<=0,"Lunas",IF(Catatan!$B$3<=H72,"Belum Jatuh Tempo",IF(O72<=30,"1-30 hari",IF(O72<=60,"31-60 hari",IF(O72<=90,"61-90 hari","90+ hari"))))) -> Lunas | R72: =IF(M72<=0,"",IF(O72>60,"1-Tinggi",IF(O72>30,"2-Sedang",IF(O72>0,"3-Rendah","4-Pantau")))) | S72: =IF(AND(M72>0,O72>0),O72+M72/1000000000000+ROW()/1000000000000000,"") | T72: =IF(J72="Belum ditukar",ROW(),"")
A73: INV-0072 | B73: 45675 | C73: C004 | D73: =INDEX(Master_Customer!$B$2:$B$126,MATCH(C73,Master_Customer!$A$2:$A$126,0)) -> SINAR AUTO BERKAH | E73: KANTOR | F73: =SUMIFS(Data_Penjualan!$G$2:$G$5998,Data_Penjualan!$A$2:$A$5998,A73) -> 15026300 | G73: =IF(E73="KANTOR",0,INDEX(Master_Customer!$C$2:$C$126,MATCH(C73,Master_Customer!$A$2:$A$126,0))) -> 0 | H73: =B73+G73 -> 45675 | J73: =IF(G73=0,"Tunai",IF(I73="","Belum ditukar","Sudah ditukar")) -> Tunai | K73: 15026300 | L73: 45675 | M73: =F73-K73 -> 0 | N73: =IF(M73<=0,"Lunas",IF(K73>0,"Sebagian","Belum Bayar")) -> Lunas | O73: =IF(M73>0,MAX(0,Catatan!$B$3-H73),0) -> 0 | P73: =IF(M73<=0,"Lunas",IF(Catatan!$B$3<=H73,"Belum Jatuh Tempo",IF(O73<=30,"1-30 hari",IF(O73<=60,"31-60 hari",IF(O73<=90,"61-90 hari","90+ hari"))))) -> Lunas | R73: =IF(M73<=0,"",IF(O73>60,"1-Tinggi",IF(O73>30,"2-Sedang",IF(O73>0,"3-Rendah","4-Pantau")))) | S73: =IF(AND(M73>0,O73>0),O73+M73/1000000000000+ROW()/1000000000000000,"") | T73: =IF(J73="Belum ditukar",ROW(),"")
A74: INV-0073 | B74: 45675 | C74: C056 | D74: =INDEX(Master_Customer!$B$2:$B$126,MATCH(C74,Master_Customer!$A$2:$A$126,0)) -> CAHAYA SPAREPART | E74: SALES B | F74: =SUMIFS(Data_Penjualan!$G$2:$G$5998,Data_Penjualan!$A$2:$A$5998,A74) -> 15594200 | G74: =IF(E74="KANTOR",0,INDEX(Master_Customer!$C$2:$C$126,MATCH(C74,Master_Customer!$A$2:$A$126,0))) -> 14 | H74: =B74+G74 -> 45689 | I74: 45678 | J74: =IF(G74=0,"Tunai",IF(I74="","Belum ditukar","Sudah ditukar")) -> Sudah ditukar | K74: 15594200 | L74: 45696 | M74: =F74-K74 -> 0 | N74: =IF(M74<=0,"Lunas",IF(K74>0,"Sebagian","Belum Bayar")) -> Lunas | O74: =IF(M74>0,MAX(0,Catatan!$B$3-H74),0) -> 0 | P74: =IF(M74<=0,"Lunas",IF(Catatan!$B$3<=H74,"Belum Jatuh Tempo",IF(O74<=30,"1-30 hari",IF(O74<=60,"31-60 hari",IF(O74<=90,"61-90 hari","90+ hari"))))) -> Lunas | R74: =IF(M74<=0,"",IF(O74>60,"1-Tinggi",IF(O74>30,"2-Sedang",IF(O74>0,"3-Rendah","4-Pantau")))) | S74: =IF(AND(M74>0,O74>0),O74+M74/1000000000000+ROW()/1000000000000000,"") | T74: =IF(J74="Belum ditukar",ROW(),"")
A75: INV-0074 | B75: 45677 | C75: C028 | D75: =INDEX(Master_Customer!$B$2:$B$126,MATCH(C75,Master_Customer!$A$2:$A$126,0)) -> CAHAYA AUTO | E75: SALES B | F75: =SUMIFS(Data_Penjualan!$G$2:$G$5998,Data_Penjualan!$A$2:$A$5998,A75) -> 16220300 | G75: =IF(E75="KANTOR",0,INDEX(Master_Customer!$C$2:$C$126,MATCH(C75,Master_Customer!$A$2:$A$126,0))) -> 0 | H75: =B75+G75 -> 45677 | J75: =IF(G75=0,"Tunai",IF(I75="","Belum ditukar","Sudah ditukar")) -> Tunai | K75: 16220300 | L75: 45677 | M75: =F75-K75 -> 0 | N75: =IF(M75<=0,"Lunas",IF(K75>0,"Sebagian","Belum Bayar")) -> Lunas | O75: =IF(M75>0,MAX(0,Catatan!$B$3-H75),0) -> 0 | P75: =IF(M75<=0,"Lunas",IF(Catatan!$B$3<=H75,"Belum Jatuh Tempo",IF(O75<=30,"1-30 hari",IF(O75<=60,"31-60 hari",IF(O75<=90,"61-90 hari","90+ hari"))))) -> Lunas | R75: =IF(M75<=0,"",IF(O75>60,"1-Tinggi",IF(O75>30,"2-Sedang",IF(O75>0,"3-Rendah","4-Pantau")))) | S75: =IF(AND(M75>0,O75>0),O75+M75/1000000000000+ROW()/1000000000000000,"") | T75: =IF(J75="Belum ditukar",ROW(),"")
A76: INV-0075 | B76: 45677 | C76: C026 | D76: =INDEX(Master_Customer!$B$2:$B$126,MATCH(C76,Master_Customer!$A$2:$A$126,0)) -> BINTANG TEKNIK SURYA | E76: KANTOR | F76: =SUMIFS(Data_Penjualan!$G$2:$G$5998,Data_Penjualan!$A$2:$A$5998,A76) -> 22757400 | G76: =IF(E76="KANTOR",0,INDEX(Master_Customer!$C$2:$C$126,MATCH(C76,Master_Customer!$A$2:$A$126,0))) -> 0 | H76: =B76+G76 -> 45677 | J76: =IF(G76=0,"Tunai",IF(I76="","Belum ditukar","Sudah ditukar")) -> Tunai | K76: 22757400 | L76: 45677 | M76: =F76-K76 -> 0 | N76: =IF(M76<=0,"Lunas",IF(K76>0,"Sebagian","Belum Bayar")) -> Lunas | O76: =IF(M76>0,MAX(0,Catatan!$B$3-H76),0) -> 0 | P76: =IF(M76<=0,"Lunas",IF(Catatan!$B$3<=H76,"Belum Jatuh Tempo",IF(O76<=30,"1-30 hari",IF(O76<=60,"31-60 hari",IF(O76<=90,"61-90 hari","90+ hari"))))) -> Lunas | R76: =IF(M76<=0,"",IF(O76>60,"1-Tinggi",IF(O76>30,"2-Sedang",IF(O76>0,"3-Rendah","4-Pantau")))) | S76: =IF(AND(M76>0,O76>0),O76+M76/1000000000000+ROW()/1000000000000000,"") | T76: =IF(J76="Belum ditukar",ROW(),"")
A77: INV-0076 | B77: 45677 | C77: C066 | D77: =INDEX(Master_Customer!$B$2:$B$126,MATCH(C77,Master_Customer!$A$2:$A$126,0)) -> SINAR GARAGE | E77: KANTOR | F77: =SUMIFS(Data_Penjualan!$G$2:$G$5998,Data_Penjualan!$A$2:$A$5998,A77) -> 10414000 | G77: =IF(E77="KANTOR",0,INDEX(Master_Customer!$C$2:$C$126,MATCH(C77,Master_Customer!$A$2:$A$126,0))) -> 0 | H77: =B77+G77 -> 45677 | J77: =IF(G77=0,"Tunai",IF(I77="","Belum ditukar","Sudah ditukar")) -> Tunai | K77: 10414000 | L77: 45678 | M77: =F77-K77 -> 0 | N77: =IF(M77<=0,"Lunas",IF(K77>0,"Sebagian","Belum Bayar")) -> Lunas | O77: =IF(M77>0,MAX(0,Catatan!$B$3-H77),0) -> 0 | P77: =IF(M77<=0,"Lunas",IF(Catatan!$B$3<=H77,"Belum Jatuh Tempo",IF(O77<=30,"1-30 hari",IF(O77<=60,"31-60 hari",IF(O77<=90,"61-90 hari","90+ hari"))))) -> Lunas | R77: =IF(M77<=0,"",IF(O77>60,"1-Tinggi",IF(O77>30,"2-Sedang",IF(O77>0,"3-Rendah","4-Pantau")))) | S77: =IF(AND(M77>0,O77>0),O77+M77/1000000000000+ROW()/1000000000000000,"") | T77: =IF(J77="Belum ditukar",ROW(),"")
A78: INV-0077 | B78: 45677 | C78: C049 | D78: =INDEX(Master_Customer!$B$2:$B$126,MATCH(C78,Master_Customer!$A$2:$A$126,0)) -> SENTOSA SERVICE | E78: SALES C | F78: =SUMIFS(Data_Penjualan!$G$2:$G$5998,Data_Penjualan!$A$2:$A$5998,A78) -> 18002100 | G78: =IF(E78="KANTOR",0,INDEX(Master_Customer!$C$2:$C$126,MATCH(C78,Master_Customer!$A$2:$A$126,0))) -> 0 | H78: =B78+G78 -> 45677 | J78: =IF(G78=0,"Tunai",IF(I78="","Belum ditukar","Sudah ditukar")) -> Tunai | K78: 18002100 | L78: 45678 | M78: =F78-K78 -> 0 | N78: =IF(M78<=0,"Lunas",IF(K78>0,"Sebagian","Belum Bayar")) -> Lunas | O78: =IF(M78>0,MAX(0,Catatan!$B$3-H78),0) -> 0 | P78: =IF(M78<=0,"Lunas",IF(Catatan!$B$3<=H78,"Belum Jatuh Tempo",IF(O78<=30,"1-30 hari",IF(O78<=60,"31-60 hari",IF(O78<=90,"61-90 hari","90+ hari"))))) -> Lunas | R78: =IF(M78<=0,"",IF(O78>60,"1-Tinggi",IF(O78>30,"2-Sedang",IF(O78>0,"3-Rendah","4-Pantau")))) | S78: =IF(AND(M78>0,O78>0),O78+M78/1000000000000+ROW()/1000000000000000,"") | T78: =IF(J78="Belum ditukar",ROW(),"")
A79: INV-0078 | B79: 45677 | C79: C050 | D79: =INDEX(Master_Customer!$B$2:$B$126,MATCH(C79,Master_Customer!$A$2:$A$126,0)) -> SUMBER TEKNIK SURYA | E79: SALES D | F79: =SUMIFS(Data_Penjualan!$G$2:$G$5998,Data_Penjualan!$A$2:$A$5998,A79) -> 7533800 | G79: =IF(E79="KANTOR",0,INDEX(Master_Customer!$C$2:$C$126,MATCH(C79,Master_Customer!$A$2:$A$126,0))) -> 30 | H79: =B79+G79 -> 45707 | I79: 45680 | J79: =IF(G79=0,"Tunai",IF(I79="","Belum ditukar","Sudah ditukar")) -> Sudah ditukar | K79: 7533800 | L79: 45705 | M79: =F79-K79 -> 0 | N79: =IF(M79<=0,"Lunas",IF(K79>0,"Sebagian","Belum Bayar")) -> Lunas | O79: =IF(M79>0,MAX(0,Catatan!$B$3-H79),0) -> 0 | P79: =IF(M79<=0,"Lunas",IF(Catatan!$B$3<=H79,"Belum Jatuh Tempo",IF(O79<=30,"1-30 hari",IF(O79<=60,"31-60 hari",IF(O79<=90,"61-90 hari","90+ hari"))))) -> Lunas | R79: =IF(M79<=0,"",IF(O79>60,"1-Tinggi",IF(O79>30,"2-Sedang",IF(O79>0,"3-Rendah","4-Pantau")))) | S79: =IF(AND(M79>0,O79>0),O79+M79/1000000000000+ROW()/1000000000000000,"") | T79: =IF(J79="Belum ditukar",ROW(),"")
A80: INV-0079 | B80: 45677 | C80: C022 | D80: =INDEX(Master_Customer!$B$2:$B$126,MATCH(C80,Master_Customer!$A$2:$A$126,0)) -> SINAR LUBRICANT | E80: SALES D | F80: =SUMIFS(Data_Penjualan!$G$2:$G$5998,Data_Penjualan!$A$2:$A$5998,A80) -> 10864800 | G80: =IF(E80="KANTOR",0,INDEX(Master_Customer!$C$2:$C$126,MATCH(C80,Master_Customer!$A$2:$A$126,0))) -> 30 | H80: =B80+G80 -> 45707 | I80: 45678 | J80: =IF(G80=0,"Tunai",IF(I80="","Belum ditukar","Sudah ditukar")) -> Sudah ditukar | K80: 10864800 | L80: 45711 | M80: =F80-K80 -> 0 | N80: =IF(M80<=0,"Lunas",IF(K80>0,"Sebagian","Belum Bayar")) -> Lunas | O80: =IF(M80>0,MAX(0,Catatan!$B$3-H80),0) -> 0 | P80: =IF(M80<=0,"Lunas",IF(Catatan!$B$3<=H80,"Belum Jatuh Tempo",IF(O80<=30,"1-30 hari",IF(O80<=60,"31-60 hari",IF(O80<=90,"61-90 hari","90+ hari"))))) -> Lunas | R80: =IF(M80<=0,"",IF(O80>60,"1-Tinggi",IF(O80>30,"2-Sedang",IF(O80>0,"3-Rendah","4-Pantau")))) | S80: =IF(AND(M80>0,O80>0),O80+M80/1000000000000+ROW()/1000000000000000,"") | T80: =IF(J80="Belum ditukar",ROW(),"")
A81: INV-0080 | B81: 45677 | C81: C066 | D81: =INDEX(Master_Customer!$B$2:$B$126,MATCH(C81,Master_Customer!$A$2:$A$126,0)) -> SINAR GARAGE | E81: KANTOR | F81: =SUMIFS(Data_Penjualan!$G$2:$G$5998,Data_Penjualan!$A$2:$A$5998,A81) -> 6651100 | G81: =IF(E81="KANTOR",0,INDEX(Master_Customer!$C$2:$C$126,MATCH(C81,Master_Customer!$A$2:$A$126,0))) -> 0 | H81: =B81+G81 -> 45677 | J81: =IF(G81=0,"Tunai",IF(I81="","Belum ditukar","Sudah ditukar")) -> Tunai | K81: 6651100 | L81: 45678 | M81: =F81-K81 -> 0 | N81: =IF(M81<=0,"Lunas",IF(K81>0,"Sebagian","Belum Bayar")) -> Lunas | O81: =IF(M81>0,MAX(0,Catatan!$B$3-H81),0) -> 0 | P81: =IF(M81<=0,"Lunas",IF(Catatan!$B$3<=H81,"Belum Jatuh Tempo",IF(O81<=30,"1-30 hari",IF(O81<=60,"31-60 hari",IF(O81<=90,"61-90 hari","90+ hari"))))) -> Lunas | R81: =IF(M81<=0,"",IF(O81>60,"1-Tinggi",IF(O81>30,"2-Sedang",IF(O81>0,"3-Rendah","4-Pantau")))) | S81: =IF(AND(M81>0,O81>0),O81+M81/1000000000000+ROW()/1000000000000000,"") | T81: =IF(J81="Belum ditukar",ROW(),"")
A82: INV-0081 | B82: 45677 | C82: C046 | D82: =INDEX(Master_Customer!$B$2:$B$126,MATCH(C82,Master_Customer!$A$2:$A$126,0)) -> KARYA LUBRICANT MAJU | E82: SALES B | F82: =SUMIFS(Data_Penjualan!$G$2:$G$5998,Data_Penjualan!$A$2:$A$5998,A82) -> 21916200 | G82: =IF(E82="KANTOR",0,INDEX(Master_Customer!$C$2:$C$126,MATCH(C82,Master_Customer!$A$2:$A$126,0))) -> 14 | H82: =B82+G82 -> 45691 | I82: 45682 | J82: =IF(G82=0,"Tunai",IF(I82="","Belum ditukar","Sudah ditukar")) -> Sudah ditukar | K82: 21916200 | L82: 45687 | M82: =F82-K82 -> 0 | N82: =IF(M82<=0,"Lunas",IF(K82>0,"Sebagian","Belum Bayar")) -> Lunas | O82: =IF(M82>0,MAX(0,Catatan!$B$3-H82),0) -> 0 | P82: =IF(M82<=0,"Lunas",IF(Catatan!$B$3<=H82,"Belum Jatuh Tempo",IF(O82<=30,"1-30 hari",IF(O82<=60,"31-60 hari",IF(O82<=90,"61-90 hari","90+ hari"))))) -> Lunas | R82: =IF(M82<=0,"",IF(O82>60,"1-Tinggi",IF(O82>30,"2-Sedang",IF(O82>0,"3-Rendah","4-Pantau")))) | S82: =IF(AND(M82>0,O82>0),O82+M82/1000000000000+ROW()/1000000000000000,"") | T82: =IF(J82="Belum ditukar",ROW(),"")
A83: INV-0082 | B83: 45677 | C83: C110 | D83: =INDEX(Master_Customer!$B$2:$B$126,MATCH(C83,Master_Customer!$A$2:$A$126,0)) -> BERKAH MOBIL MAKMUR | E83: KANTOR | F83: =SUMIFS(Data_Penjualan!$G$2:$G$5998,Data_Penjualan!$A$2:$A$5998,A83) -> 16682000 | G83: =IF(E83="KANTOR",0,INDEX(Master_Customer!$C$2:$C$126,MATCH(C83,Master_Customer!$A$2:$A$126,0))) -> 0 | H83: =B83+G83 -> 45677 | J83: =IF(G83=0,"Tunai",IF(I83="","Belum ditukar","Sudah ditukar")) -> Tunai | K83: 16682000 | L83: 45679 | M83: =F83-K83 -> 0 | N83: =IF(M83<=0,"Lunas",IF(K83>0,"Sebagian","Belum Bayar")) -> Lunas | O83: =IF(M83>0,MAX(0,Catatan!$B$3-H83),0) -> 0 | P83: =IF(M83<=0,"Lunas",IF(Catatan!$B$3<=H83,"Belum Jatuh Tempo",IF(O83<=30,"1-30 hari",IF(O83<=60,"31-60 hari",IF(O83<=90,"61-90 hari","90+ hari"))))) -> Lunas | R83: =IF(M83<=0,"",IF(O83>60,"1-Tinggi",IF(O83>30,"2-Sedang",IF(O83>0,"3-Rendah","4-Pantau")))) | S83: =IF(AND(M83>0,O83>0),O83+M83/1000000000000+ROW()/1000000000000000,"") | T83: =IF(J83="Belum ditukar",ROW(),"")
A84: INV-0083 | B84: 45678 | C84: C026 | D84: =INDEX(Master_Customer!$B$2:$B$126,MATCH(C84,Master_Customer!$A$2:$A$126,0)) -> BINTANG TEKNIK SURYA | E84: SALES B | F84: =SUMIFS(Data_Penjualan!$G$2:$G$5998,Data_Penjualan!$A$2:$A$5998,A84) -> 4956500 | G84: =IF(E84="KANTOR",0,INDEX(Master_Customer!$C$2:$C$126,MATCH(C84,Master_Customer!$A$2:$A$126,0))) -> 45 | H84: =B84+G84 -> 45723 | I84: 45681 | J84: =IF(G84=0,"Tunai",IF(I84="","Belum ditukar","Sudah ditukar")) -> Sudah ditukar | K84: 4956500 | L84: 45722 | M84: =F84-K84 -> 0 | N84: =IF(M84<=0,"Lunas",IF(K84>0,"Sebagian","Belum Bayar")) -> Lunas | O84: =IF(M84>0,MAX(0,Catatan!$B$3-H84),0) -> 0 | P84: =IF(M84<=0,"Lunas",IF(Catatan!$B$3<=H84,"Belum Jatuh Tempo",IF(O84<=30,"1-30 hari",IF(O84<=60,"31-60 hari",IF(O84<=90,"61-90 hari","90+ hari"))))) -> Lunas | R84: =IF(M84<=0,"",IF(O84>60,"1-Tinggi",IF(O84>30,"2-Sedang",IF(O84>0,"3-Rendah","4-Pantau")))) | S84: =IF(AND(M84>0,O84>0),O84+M84/1000000000000+ROW()/1000000000000000,"") | T84: =IF(J84="Belum ditukar",ROW(),"")
A85: INV-0084 | B85: 45678 | C85: C005 | D85: =INDEX(Master_Customer!$B$2:$B$126,MATCH(C85,Master_Customer!$A$2:$A$126,0)) -> SURYA MOTOR | E85: KANTOR | F85: =SUMIFS(Data_Penjualan!$G$2:$G$5998,Data_Penjualan!$A$2:$A$5998,A85) -> 7863200 | G85: =IF(E85="KANTOR",0,INDEX(Master_Customer!$C$2:$C$126,MATCH(C85,Master_Customer!$A$2:$A$126,0))) -> 0 | H85: =B85+G85 -> 45678 | J85: =IF(G85=0,"Tunai",IF(I85="","Belum ditukar","Sudah ditukar")) -> Tunai | K85: 7863200 | L85: 45678 | M85: =F85-K85 -> 0 | N85: =IF(M85<=0,"Lunas",IF(K85>0,"Sebagian","Belum Bayar")) -> Lunas | O85: =IF(M85>0,MAX(0,Catatan!$B$3-H85),0) -> 0 | P85: =IF(M85<=0,"Lunas",IF(Catatan!$B$3<=H85,"Belum Jatuh Tempo",IF(O85<=30,"1-30 hari",IF(O85<=60,"31-60 hari",IF(O85<=90,"61-90 hari","90+ hari"))))) -> Lunas | R85: =IF(M85<=0,"",IF(O85>60,"1-Tinggi",IF(O85>30,"2-Sedang",IF(O85>0,"3-Rendah","4-Pantau")))) | S85: =IF(AND(M85>0,O85>0),O85+M85/1000000000000+ROW()/1000000000000000,"") | T85: =IF(J85="Belum ditukar",ROW(),"")
A86: INV-0085 | B86: 45678 | C86: C122 | D86: =INDEX(Master_Customer!$B$2:$B$126,MATCH(C86,Master_Customer!$A$2:$A$126,0)) -> ABADI LUBRICANT KARYA | E86: KANTOR | F86: =SUMIFS(Data_Penjualan!$G$2:$G$5998,Data_Penjualan!$A$2:$A$5998,A86) -> 6162600 | G86: =IF(E86="KANTOR",0,INDEX(Master_Customer!$C$2:$C$126,MATCH(C86,Master_Customer!$A$2:$A$126,0))) -> 0 | H86: =B86+G86 -> 45678 | J86: =IF(G86=0,"Tunai",IF(I86="","Belum ditukar","Sudah ditukar")) -> Tunai | K86: 6162600 | L86: 45679 | M86: =F86-K86 -> 0 | N86: =IF(M86<=0,"Lunas",IF(K86>0,"Sebagian","Belum Bayar")) -> Lunas | O86: =IF(M86>0,MAX(0,Catatan!$B$3-H86),0) -> 0 | P86: =IF(M86<=0,"Lunas",IF(Catatan!$B$3<=H86,"Belum Jatuh Tempo",IF(O86<=30,"1-30 hari",IF(O86<=60,"31-60 hari",IF(O86<=90,"61-90 hari","90+ hari"))))) -> Lunas | R86: =IF(M86<=0,"",IF(O86>60,"1-Tinggi",IF(O86>30,"2-Sedang",IF(O86>0,"3-Rendah","4-Pantau")))) | S86: =IF(AND(M86>0,O86>0),O86+M86/1000000000000+ROW()/1000000000000000,"") | T86: =IF(J86="Belum ditukar",ROW(),"")
A87: INV-0086 | B87: 45679 | C87: C049 | D87: =INDEX(Master_Customer!$B$2:$B$126,MATCH(C87,Master_Customer!$A$2:$A$126,0)) -> SENTOSA SERVICE | E87: SALES C | F87: =SUMIFS(Data_Penjualan!$G$2:$G$5998,Data_Penjualan!$A$2:$A$5998,A87) -> 19690300 | G87: =IF(E87="KANTOR",0,INDEX(Master_Customer!$C$2:$C$126,MATCH(C87,Master_Customer!$A$2:$A$126,0))) -> 0 | H87: =B87+G87 -> 45679 | J87: =IF(G87=0,"Tunai",IF(I87="","Belum ditukar","Sudah ditukar")) -> Tunai | K87: 19690300 | L87: 45679 | M87: =F87-K87 -> 0 | N87: =IF(M87<=0,"Lunas",IF(K87>0,"Sebagian","Belum Bayar")) -> Lunas | O87: =IF(M87>0,MAX(0,Catatan!$B$3-H87),0) -> 0 | P87: =IF(M87<=0,"Lunas",IF(Catatan!$B$3<=H87,"Belum Jatuh Tempo",IF(O87<=30,"1-30 hari",IF(O87<=60,"31-60 hari",IF(O87<=90,"61-90 hari","90+ hari"))))) -> Lunas | R87: =IF(M87<=0,"",IF(O87>60,"1-Tinggi",IF(O87>30,"2-Sedang",IF(O87>0,"3-Rendah","4-Pantau")))) | S87: =IF(AND(M87>0,O87>0),O87+M87/1000000000000+ROW()/1000000000000000,"") | T87: =IF(J87="Belum ditukar",ROW(),"")
A88: INV-0087 | B88: 45679 | C88: C096 | D88: =INDEX(Master_Customer!$B$2:$B$126,MATCH(C88,Master_Customer!$A$2:$A$126,0)) -> MAJU GARAGE TIRTA | E88: SALES D | F88: =SUMIFS(Data_Penjualan!$G$2:$G$5998,Data_Penjualan!$A$2:$A$5998,A88) -> 8245800 | G88: =IF(E88="KANTOR",0,INDEX(Master_Customer!$C$2:$C$126,MATCH(C88,Master_Customer!$A$2:$A$126,0))) -> 45 | H88: =B88+G88 -> 45724 | I88: 45684 | J88: =IF(G88=0,"Tunai",IF(I88="","Belum ditukar","Sudah ditukar")) -> Sudah ditukar | K88: 8245800 | L88: 45740 | M88: =F88-K88 -> 0 | N88: =IF(M88<=0,"Lunas",IF(K88>0,"Sebagian","Belum Bayar")) -> Lunas | O88: =IF(M88>0,MAX(0,Catatan!$B$3-H88),0) -> 0 | P88: =IF(M88<=0,"Lunas",IF(Catatan!$B$3<=H88,"Belum Jatuh Tempo",IF(O88<=30,"1-30 hari",IF(O88<=60,"31-60 hari",IF(O88<=90,"61-90 hari","90+ hari"))))) -> Lunas | R88: =IF(M88<=0,"",IF(O88>60,"1-Tinggi",IF(O88>30,"2-Sedang",IF(O88>0,"3-Rendah","4-Pantau")))) | S88: =IF(AND(M88>0,O88>0),O88+M88/1000000000000+ROW()/1000000000000000,"") | T88: =IF(J88="Belum ditukar",ROW(),"")
A89: INV-0088 | B89: 45679 | C89: C120 | D89: =INDEX(Master_Customer!$B$2:$B$126,MATCH(C89,Master_Customer!$A$2:$A$126,0)) -> ABADI AUTO MAKMUR | E89: SALES C | F89: =SUMIFS(Data_Penjualan!$G$2:$G$5998,Data_Penjualan!$A$2:$A$5998,A89) -> 1909500 | G89: =IF(E89="KANTOR",0,INDEX(Master_Customer!$C$2:$C$126,MATCH(C89,Master_Customer!$A$2:$A$126,0))) -> 30 | H89: =B89+G89 -> 45709 | I89: 45683 | J89: =IF(G89=0,"Tunai",IF(I89="","Belum ditukar","Sudah ditukar")) -> Sudah ditukar | K89: 1909500 | L89: 45706 | M89: =F89-K89 -> 0 | N89: =IF(M89<=0,"Lunas",IF(K89>0,"Sebagian","Belum Bayar")) -> Lunas | O89: =IF(M89>0,MAX(0,Catatan!$B$3-H89),0) -> 0 | P89: =IF(M89<=0,"Lunas",IF(Catatan!$B$3<=H89,"Belum Jatuh Tempo",IF(O89<=30,"1-30 hari",IF(O89<=60,"31-60 hari",IF(O89<=90,"61-90 hari","90+ hari"))))) -> Lunas | R89: =IF(M89<=0,"",IF(O89>60,"1-Tinggi",IF(O89>30,"2-Sedang",IF(O89>0,"3-Rendah","4-Pantau")))) | S89: =IF(AND(M89>0,O89>0),O89+M89/1000000000000+ROW()/1000000000000000,"") | T89: =IF(J89="Belum ditukar",ROW(),"")
A90: INV-0089 | B90: 45679 | C90: C050 | D90: =INDEX(Master_Customer!$B$2:$B$126,MATCH(C90,Master_Customer!$A$2:$A$126,0)) -> SUMBER TEKNIK SURYA | E90: SALES D | F90: =SUMIFS(Data_Penjualan!$G$2:$G$5998,Data_Penjualan!$A$2:$A$5998,A90) -> 18705000 | G90: =IF(E90="KANTOR",0,INDEX(Master_Customer!$C$2:$C$126,MATCH(C90,Master_Customer!$A$2:$A$126,0))) -> 30 | H90: =B90+G90 -> 45709 | I90: 45682 | J90: =IF(G90=0,"Tunai",IF(I90="","Belum ditukar","Sudah ditukar")) -> Sudah ditukar | K90: 18705000 | L90: 45699 | M90: =F90-K90 -> 0 | N90: =IF(M90<=0,"Lunas",IF(K90>0,"Sebagian","Belum Bayar")) -> Lunas | O90: =IF(M90>0,MAX(0,Catatan!$B$3-H90),0) -> 0 | P90: =IF(M90<=0,"Lunas",IF(Catatan!$B$3<=H90,"Belum Jatuh Tempo",IF(O90<=30,"1-30 hari",IF(O90<=60,"31-60 hari",IF(O90<=90,"61-90 hari","90+ hari"))))) -> Lunas | R90: =IF(M90<=0,"",IF(O90>60,"1-Tinggi",IF(O90>30,"2-Sedang",IF(O90>0,"3-Rendah","4-Pantau")))) | S90: =IF(AND(M90>0,O90>0),O90+M90/1000000000000+ROW()/1000000000000000,"") | T90: =IF(J90="Belum ditukar",ROW(),"")
A91: INV-0090 | B91: 45679 | C91: C034 | D91: =INDEX(Master_Customer!$B$2:$B$126,MATCH(C91,Master_Customer!$A$2:$A$126,0)) -> GEMILANG GARAGE TIRTA | E91: SALES B | F91: =SUMIFS(Data_Penjualan!$G$2:$G$5998,Data_Penjualan!$A$2:$A$5998,A91) -> 10714300 | G91: =IF(E91="KANTOR",0,INDEX(Master_Customer!$C$2:$C$126,MATCH(C91,Master_Customer!$A$2:$A$126,0))) -> 14 | H91: =B91+G91 -> 45693 | I91: 45683 | J91: =IF(G91=0,"Tunai",IF(I91="","Belum ditukar","Sudah ditukar")) -> Sudah ditukar | K91: 10714300 | L91: 45680 | M91: =F91-K91 -> 0 | N91: =IF(M91<=0,"Lunas",IF(K91>0,"Sebagian","Belum Bayar")) -> Lunas | O91: =IF(M91>0,MAX(0,Catatan!$B$3-H91),0) -> 0 | P91: =IF(M91<=0,"Lunas",IF(Catatan!$B$3<=H91,"Belum Jatuh Tempo",IF(O91<=30,"1-30 hari",IF(O91<=60,"31-60 hari",IF(O91<=90,"61-90 hari","90+ hari"))))) -> Lunas | R91: =IF(M91<=0,"",IF(O91>60,"1-Tinggi",IF(O91>30,"2-Sedang",IF(O91>0,"3-Rendah","4-Pantau")))) | S91: =IF(AND(M91>0,O91>0),O91+M91/1000000000000+ROW()/1000000000000000,"") | T91: =IF(J91="Belum ditukar",ROW(),"")
A92: INV-0091 | B92: 45679 | C92: C010 | D92: =INDEX(Master_Customer!$B$2:$B$126,MATCH(C92,Master_Customer!$A$2:$A$126,0)) -> CAHAYA MOBIL | E92: KANTOR | F92: =SUMIFS(Data_Penjualan!$G$2:$G$5998,Data_Penjualan!$A$2:$A$5998,A92) -> 18455100 | G92: =IF(E92="KANTOR",0,INDEX(Master_Customer!$C$2:$C$126,MATCH(C92,Master_Customer!$A$2:$A$126,0))) -> 0 | H92: =B92+G92 -> 45679 | J92: =IF(G92=0,"Tunai",IF(I92="","Belum ditukar","Sudah ditukar")) -> Tunai | K92: 18455100 | L92: 45680 | M92: =F92-K92 -> 0 | N92: =IF(M92<=0,"Lunas",IF(K92>0,"Sebagian","Belum Bayar")) -> Lunas | O92: =IF(M92>0,MAX(0,Catatan!$B$3-H92),0) -> 0 | P92: =IF(M92<=0,"Lunas",IF(Catatan!$B$3<=H92,"Belum Jatuh Tempo",IF(O92<=30,"1-30 hari",IF(O92<=60,"31-60 hari",IF(O92<=90,"61-90 hari","90+ hari"))))) -> Lunas | R92: =IF(M92<=0,"",IF(O92>60,"1-Tinggi",IF(O92>30,"2-Sedang",IF(O92>0,"3-Rendah","4-Pantau")))) | S92: =IF(AND(M92>0,O92>0),O92+M92/1000000000000+ROW()/1000000000000000,"") | T92: =IF(J92="Belum ditukar",ROW(),"")
A93: INV-0092 | B93: 45680 | C93: C097 | D93: =INDEX(Master_Customer!$B$2:$B$126,MATCH(C93,Master_Customer!$A$2:$A$126,0)) -> UTAMA OLI BINTANG | E93: SALES A | F93: =SUMIFS(Data_Penjualan!$G$2:$G$5998,Data_Penjualan!$A$2:$A$5998,A93) -> 9641700 | G93: =IF(E93="KANTOR",0,INDEX(Master_Customer!$C$2:$C$126,MATCH(C93,Master_Customer!$A$2:$A$126,0))) -> 14 | H93: =B93+G93 -> 45694 | I93: 45682 | J93: =IF(G93=0,"Tunai",IF(I93="","Belum ditukar","Sudah ditukar")) -> Sudah ditukar | K93: 9641700 | L93: 45689 | M93: =F93-K93 -> 0 | N93: =IF(M93<=0,"Lunas",IF(K93>0,"Sebagian","Belum Bayar")) -> Lunas | O93: =IF(M93>0,MAX(0,Catatan!$B$3-H93),0) -> 0 | P93: =IF(M93<=0,"Lunas",IF(Catatan!$B$3<=H93,"Belum Jatuh Tempo",IF(O93<=30,"1-30 hari",IF(O93<=60,"31-60 hari",IF(O93<=90,"61-90 hari","90+ hari"))))) -> Lunas | R93: =IF(M93<=0,"",IF(O93>60,"1-Tinggi",IF(O93>30,"2-Sedang",IF(O93>0,"3-Rendah","4-Pantau")))) | S93: =IF(AND(M93>0,O93>0),O93+M93/1000000000000+ROW()/1000000000000000,"") | T93: =IF(J93="Belum ditukar",ROW(),"")
A94: INV-0093 | B94: 45680 | C94: C097 | D94: =INDEX(Master_Customer!$B$2:$B$126,MATCH(C94,Master_Customer!$A$2:$A$126,0)) -> UTAMA OLI BINTANG | E94: SALES A | F94: =SUMIFS(Data_Penjualan!$G$2:$G$5998,Data_Penjualan!$A$2:$A$5998,A94) -> 30483300 | G94: =IF(E94="KANTOR",0,INDEX(Master_Customer!$C$2:$C$126,MATCH(C94,Master_Customer!$A$2:$A$126,0))) -> 14 | H94: =B94+G94 -> 45694 | I94: 45682 | J94: =IF(G94=0,"Tunai",IF(I94="","Belum ditukar","Sudah ditukar")) -> Sudah ditukar | K94: 30483300 | L94: 45688 | M94: =F94-K94 -> 0 | N94: =IF(M94<=0,"Lunas",IF(K94>0,"Sebagian","Belum Bayar")) -> Lunas | O94: =IF(M94>0,MAX(0,Catatan!$B$3-H94),0) -> 0 | P94: =IF(M94<=0,"Lunas",IF(Catatan!$B$3<=H94,"Belum Jatuh Tempo",IF(O94<=30,"1-30 hari",IF(O94<=60,"31-60 hari",IF(O94<=90,"61-90 hari","90+ hari"))))) -> Lunas | R94: =IF(M94<=0,"",IF(O94>60,"1-Tinggi",IF(O94>30,"2-Sedang",IF(O94>0,"3-Rendah","4-Pantau")))) | S94: =IF(AND(M94>0,O94>0),O94+M94/1000000000000+ROW()/1000000000000000,"") | T94: =IF(J94="Belum ditukar",ROW(),"")
A95: INV-0094 | B95: 45680 | C95: C066 | D95: =INDEX(Master_Customer!$B$2:$B$126,MATCH(C95,Master_Customer!$A$2:$A$126,0)) -> SINAR GARAGE | E95: SALES A | F95: =SUMIFS(Data_Penjualan!$G$2:$G$5998,Data_Penjualan!$A$2:$A$5998,A95) -> 18738800 | G95: =IF(E95="KANTOR",0,INDEX(Master_Customer!$C$2:$C$126,MATCH(C95,Master_Customer!$A$2:$A$126,0))) -> 30 | H95: =B95+G95 -> 45710 | I95: 45685 | J95: =IF(G95=0,"Tunai",IF(I95="","Belum ditukar","Sudah ditukar")) -> Sudah ditukar | K95: 18738800 | L95: 45710 | M95: =F95-K95 -> 0 | N95: =IF(M95<=0,"Lunas",IF(K95>0,"Sebagian","Belum Bayar")) -> Lunas | O95: =IF(M95>0,MAX(0,Catatan!$B$3-H95),0) -> 0 | P95: =IF(M95<=0,"Lunas",IF(Catatan!$B$3<=H95,"Belum Jatuh Tempo",IF(O95<=30,"1-30 hari",IF(O95<=60,"31-60 hari",IF(O95<=90,"61-90 hari","90+ hari"))))) -> Lunas | R95: =IF(M95<=0,"",IF(O95>60,"1-Tinggi",IF(O95>30,"2-Sedang",IF(O95>0,"3-Rendah","4-Pantau")))) | S95: =IF(AND(M95>0,O95>0),O95+M95/1000000000000+ROW()/1000000000000000,"") | T95: =IF(J95="Belum ditukar",ROW(),"")
A96: INV-0095 | B96: 45680 | C96: C050 | D96: =INDEX(Master_Customer!$B$2:$B$126,MATCH(C96,Master_Customer!$A$2:$A$126,0)) -> SUMBER TEKNIK SURYA | E96: SALES D | F96: =SUMIFS(Data_Penjualan!$G$2:$G$5998,Data_Penjualan!$A$2:$A$5998,A96) -> 12260000 | G96: =IF(E96="KANTOR",0,INDEX(Master_Customer!$C$2:$C$126,MATCH(C96,Master_Customer!$A$2:$A$126,0))) -> 30 | H96: =B96+G96 -> 45710 | I96: 45683 | J96: =IF(G96=0,"Tunai",IF(I96="","Belum ditukar","Sudah ditukar")) -> Sudah ditukar | K96: 12260000 | L96: 45702 | M96: =F96-K96 -> 0 | N96: =IF(M96<=0,"Lunas",IF(K96>0,"Sebagian","Belum Bayar")) -> Lunas | O96: =IF(M96>0,MAX(0,Catatan!$B$3-H96),0) -> 0 | P96: =IF(M96<=0,"Lunas",IF(Catatan!$B$3<=H96,"Belum Jatuh Tempo",IF(O96<=30,"1-30 hari",IF(O96<=60,"31-60 hari",IF(O96<=90,"61-90 hari","90+ hari"))))) -> Lunas | R96: =IF(M96<=0,"",IF(O96>60,"1-Tinggi",IF(O96>30,"2-Sedang",IF(O96>0,"3-Rendah","4-Pantau")))) | S96: =IF(AND(M96>0,O96>0),O96+M96/1000000000000+ROW()/1000000000000000,"") | T96: =IF(J96="Belum ditukar",ROW(),"")
A97: INV-0096 | B97: 45680 | C97: C108 | D97: =INDEX(Master_Customer!$B$2:$B$126,MATCH(C97,Master_Customer!$A$2:$A$126,0)) -> CAHAYA SERVICE | E97: SALES D | F97: =SUMIFS(Data_Penjualan!$G$2:$G$5998,Data_Penjualan!$A$2:$A$5998,A97) -> 7118800 | G97: =IF(E97="KANTOR",0,INDEX(Master_Customer!$C$2:$C$126,MATCH(C97,Master_Customer!$A$2:$A$126,0))) -> 30 | H97: =B97+G97 -> 45710 | I97: 45685 | J97: =IF(G97=0,"Tunai",IF(I97="","Belum ditukar","Sudah ditukar")) -> Sudah ditukar | K97: 7118800 | L97: 45703 | M97: =F97-K97 -> 0 | N97: =IF(M97<=0,"Lunas",IF(K97>0,"Sebagian","Belum Bayar")) -> Lunas | O97: =IF(M97>0,MAX(0,Catatan!$B$3-H97),0) -> 0 | P97: =IF(M97<=0,"Lunas",IF(Catatan!$B$3<=H97,"Belum Jatuh Tempo",IF(O97<=30,"1-30 hari",IF(O97<=60,"31-60 hari",IF(O97<=90,"61-90 hari","90+ hari"))))) -> Lunas | R97: =IF(M97<=0,"",IF(O97>60,"1-Tinggi",IF(O97>30,"2-Sedang",IF(O97>0,"3-Rendah","4-Pantau")))) | S97: =IF(AND(M97>0,O97>0),O97+M97/1000000000000+ROW()/1000000000000000,"") | T97: =IF(J97="Belum ditukar",ROW(),"")
A98: INV-0097 | B98: 45681 | C98: C021 | D98: =INDEX(Master_Customer!$B$2:$B$126,MATCH(C98,Master_Customer!$A$2:$A$126,0)) -> MAKMUR MOTOR JAYA | E98: SALES B | F98: =SUMIFS(Data_Penjualan!$G$2:$G$5998,Data_Penjualan!$A$2:$A$5998,A98) -> 10685700 | G98: =IF(E98="KANTOR",0,INDEX(Master_Customer!$C$2:$C$126,MATCH(C98,Master_Customer!$A$2:$A$126,0))) -> 0 | H98: =B98+G98 -> 45681 | J98: =IF(G98=0,"Tunai",IF(I98="","Belum ditukar","Sudah ditukar")) -> Tunai | K98: 10685700 | L98: 45683 | M98: =F98-K98 -> 0 | N98: =IF(M98<=0,"Lunas",IF(K98>0,"Sebagian","Belum Bayar")) -> Lunas | O98: =IF(M98>0,MAX(0,Catatan!$B$3-H98),0) -> 0 | P98: =IF(M98<=0,"Lunas",IF(Catatan!$B$3<=H98,"Belum Jatuh Tempo",IF(O98<=30,"1-30 hari",IF(O98<=60,"31-60 hari",IF(O98<=90,"61-90 hari","90+ hari"))))) -> Lunas | R98: =IF(M98<=0,"",IF(O98>60,"1-Tinggi",IF(O98>30,"2-Sedang",IF(O98>0,"3-Rendah","4-Pantau")))) | S98: =IF(AND(M98>0,O98>0),O98+M98/1000000000000+ROW()/1000000000000000,"") | T98: =IF(J98="Belum ditukar",ROW(),"")
A99: INV-0098 | B99: 45681 | C99: C049 | D99: =INDEX(Master_Customer!$B$2:$B$126,MATCH(C99,Master_Customer!$A$2:$A$126,0)) -> SENTOSA SERVICE | E99: SALES C | F99: =SUMIFS(Data_Penjualan!$G$2:$G$5998,Data_Penjualan!$A$2:$A$5998,A99) -> 1111000 | G99: =IF(E99="KANTOR",0,INDEX(Master_Customer!$C$2:$C$126,MATCH(C99,Master_Customer!$A$2:$A$126,0))) -> 0 | H99: =B99+G99 -> 45681 | J99: =IF(G99=0,"Tunai",IF(I99="","Belum ditukar","Sudah ditukar")) -> Tunai | K99: 1111000 | L99: 45681 | M99: =F99-K99 -> 0 | N99: =IF(M99<=0,"Lunas",IF(K99>0,"Sebagian","Belum Bayar")) -> Lunas | O99: =IF(M99>0,MAX(0,Catatan!$B$3-H99),0) -> 0 | P99: =IF(M99<=0,"Lunas",IF(Catatan!$B$3<=H99,"Belum Jatuh Tempo",IF(O99<=30,"1-30 hari",IF(O99<=60,"31-60 hari",IF(O99<=90,"61-90 hari","90+ hari"))))) -> Lunas | R99: =IF(M99<=0,"",IF(O99>60,"1-Tinggi",IF(O99>30,"2-Sedang",IF(O99>0,"3-Rendah","4-Pantau")))) | S99: =IF(AND(M99>0,O99>0),O99+M99/1000000000000+ROW()/1000000000000000,"") | T99: =IF(J99="Belum ditukar",ROW(),"")
A100: INV-0099 | B100: 45681 | C100: C084 | D100: =INDEX(Master_Customer!$B$2:$B$126,MATCH(C100,Master_Customer!$A$2:$A$126,0)) -> BINTANG OLI | E100: KANTOR | F100: =SUMIFS(Data_Penjualan!$G$2:$G$5998,Data_Penjualan!$A$2:$A$5998,A100) -> 9959600 | G100: =IF(E100="KANTOR",0,INDEX(Master_Customer!$C$2:$C$126,MATCH(C100,Master_Customer!$A$2:$A$126,0))) -> 0 | H100: =B100+G100 -> 45681 | J100: =IF(G100=0,"Tunai",IF(I100="","Belum ditukar","Sudah ditukar")) -> Tunai | K100: 9959600 | L100: 45681 | M100: =F100-K100 -> 0 | N100: =IF(M100<=0,"Lunas",IF(K100>0,"Sebagian","Belum Bayar")) -> Lunas | O100: =IF(M100>0,MAX(0,Catatan!$B$3-H100),0) -> 0 | P100: =IF(M100<=0,"Lunas",IF(Catatan!$B$3<=H100,"Belum Jatuh Tempo",IF(O100<=30,"1-30 hari",IF(O100<=60,"31-60 hari",IF(O100<=90,"61-90 hari","90+ hari"))))) -> Lunas | R100: =IF(M100<=0,"",IF(O100>60,"1-Tinggi",IF(O100>30,"2-Sedang",IF(O100>0,"3-Rendah","4-Pantau")))) | S100: =IF(AND(M100>0,O100>0),O100+M100/1000000000000+ROW()/1000000000000000,"") | T100: =IF(J100="Belum ditukar",ROW(),"")
...

Sheet Aging_Customer
A1: ID Customer | B1: Nama Customer | C1: Termin (hari) | D1: Total Piutang (Rp) | E1: Belum Jatuh Tempo | F1: 1-30 hari | G1: 31-60 hari | H1: 61-90 hari | I1: 90+ hari | J1: Total Overdue (Rp) | K1: % Overdue
A2: C050 | B2: =INDEX(Master_Customer!$B$2:$B$126,MATCH(A2,Master_Customer!$A$2:$A$126,0)) -> SUMBER TEKNIK SURYA | C2: =INDEX(Master_Customer!$C$2:$C$126,MATCH(A2,Master_Customer!$A$2:$A$126,0)) -> 30 | D2: =SUM(E2:I2) -> 183313200 | E2: =SUMIFS(Piutang!$M$2:$M$1751,Piutang!$C$2:$C$1751,$A2,Piutang!$P$2:$P$1751,"Belum Jatuh Tempo") -> 148872300 | F2: =SUMIFS(Piutang!$M$2:$M$1751,Piutang!$C$2:$C$1751,$A2,Piutang!$P$2:$P$1751,"1-30 hari") -> 0 | G2: =SUMIFS(Piutang!$M$2:$M$1751,Piutang!$C$2:$C$1751,$A2,Piutang!$P$2:$P$1751,"31-60 hari") -> 0 | H2: =SUMIFS(Piutang!$M$2:$M$1751,Piutang!$C$2:$C$1751,$A2,Piutang!$P$2:$P$1751,"61-90 hari") -> 3675800 | I2: =SUMIFS(Piutang!$M$2:$M$1751,Piutang!$C$2:$C$1751,$A2,Piutang!$P$2:$P$1751,"90+ hari") -> 30765100 | J2: =SUM(F2:I2) -> 34440900 | K2: =IF(D2=0,0,J2/D2) -> 0.18788009
A3: C037 | B3: =INDEX(Master_Customer!$B$2:$B$126,MATCH(A3,Master_Customer!$A$2:$A$126,0)) -> SUMBER OLI GEMILANG | C3: =INDEX(Master_Customer!$C$2:$C$126,MATCH(A3,Master_Customer!$A$2:$A$126,0)) -> 30 | D3: =SUM(E3:I3) -> 60858700 | E3: =SUMIFS(Piutang!$M$2:$M$1751,Piutang!$C$2:$C$1751,$A3,Piutang!$P$2:$P$1751,"Belum Jatuh Tempo") -> 51770600 | F3: =SUMIFS(Piutang!$M$2:$M$1751,Piutang!$C$2:$C$1751,$A3,Piutang!$P$2:$P$1751,"1-30 hari") -> 9088100 | G3: =SUMIFS(Piutang!$M$2:$M$1751,Piutang!$C$2:$C$1751,$A3,Piutang!$P$2:$P$1751,"31-60 hari") -> 0 | H3: =SUMIFS(Piutang!$M$2:$M$1751,Piutang!$C$2:$C$1751,$A3,Piutang!$P$2:$P$1751,"61-90 hari") -> 0 | I3: =SUMIFS(Piutang!$M$2:$M$1751,Piutang!$C$2:$C$1751,$A3,Piutang!$P$2:$P$1751,"90+ hari") -> 0 | J3: =SUM(F3:I3) -> 9088100 | K3: =IF(D3=0,0,J3/D3) -> 0.14933116
A4: C096 | B4: =INDEX(Master_Customer!$B$2:$B$126,MATCH(A4,Master_Customer!$A$2:$A$126,0)) -> MAJU GARAGE TIRTA | C4: =INDEX(Master_Customer!$C$2:$C$126,MATCH(A4,Master_Customer!$A$2:$A$126,0)) -> 45 | D4: =SUM(E4:I4) -> 56207000 | E4: =SUMIFS(Piutang!$M$2:$M$1751,Piutang!$C$2:$C$1751,$A4,Piutang!$P$2:$P$1751,"Belum Jatuh Tempo") -> 51794600 | F4: =SUMIFS(Piutang!$M$2:$M$1751,Piutang!$C$2:$C$1751,$A4,Piutang!$P$2:$P$1751,"1-30 hari") -> 0 | G4: =SUMIFS(Piutang!$M$2:$M$1751,Piutang!$C$2:$C$1751,$A4,Piutang!$P$2:$P$1751,"31-60 hari") -> 0 | H4: =SUMIFS(Piutang!$M$2:$M$1751,Piutang!$C$2:$C$1751,$A4,Piutang!$P$2:$P$1751,"61-90 hari") -> 0 | I4: =SUMIFS(Piutang!$M$2:$M$1751,Piutang!$C$2:$C$1751,$A4,Piutang!$P$2:$P$1751,"90+ hari") -> 4412400 | J4: =SUM(F4:I4) -> 4412400 | K4: =IF(D4=0,0,J4/D4) -> 0.078502678
A5: C004 | B5: =INDEX(Master_Customer!$B$2:$B$126,MATCH(A5,Master_Customer!$A$2:$A$126,0)) -> SINAR AUTO BERKAH | C5: =INDEX(Master_Customer!$C$2:$C$126,MATCH(A5,Master_Customer!$A$2:$A$126,0)) -> 30 | D5: =SUM(E5:I5) -> 54601400 | E5: =SUMIFS(Piutang!$M$2:$M$1751,Piutang!$C$2:$C$1751,$A5,Piutang!$P$2:$P$1751,"Belum Jatuh Tempo") -> 4477700 | F5: =SUMIFS(Piutang!$M$2:$M$1751,Piutang!$C$2:$C$1751,$A5,Piutang!$P$2:$P$1751,"1-30 hari") -> 27854000 | G5: =SUMIFS(Piutang!$M$2:$M$1751,Piutang!$C$2:$C$1751,$A5,Piutang!$P$2:$P$1751,"31-60 hari") -> 13821600 | H5: =SUMIFS(Piutang!$M$2:$M$1751,Piutang!$C$2:$C$1751,$A5,Piutang!$P$2:$P$1751,"61-90 hari") -> 0 | I5: =SUMIFS(Piutang!$M$2:$M$1751,Piutang!$C$2:$C$1751,$A5,Piutang!$P$2:$P$1751,"90+ hari") -> 8448100 | J5: =SUM(F5:I5) -> 50123700 | K5: =IF(D5=0,0,J5/D5) -> 0.91799295
A6: C047 | B6: =INDEX(Master_Customer!$B$2:$B$126,MATCH(A6,Master_Customer!$A$2:$A$126,0)) -> KARYA SPAREPART | C6: =INDEX(Master_Customer!$C$2:$C$126,MATCH(A6,Master_Customer!$A$2:$A$126,0)) -> 45 | D6: =SUM(E6:I6) -> 53142400 | E6: =SUMIFS(Piutang!$M$2:$M$1751,Piutang!$C$2:$C$1751,$A6,Piutang!$P$2:$P$1751,"Belum Jatuh Tempo") -> 48877600 | F6: =SUMIFS(Piutang!$M$2:$M$1751,Piutang!$C$2:$C$1751,$A6,Piutang!$P$2:$P$1751,"1-30 hari") -> 1215900 | G6: =SUMIFS(Piutang!$M$2:$M$1751,Piutang!$C$2:$C$1751,$A6,Piutang!$P$2:$P$1751,"31-60 hari") -> 1316300 | H6: =SUMIFS(Piutang!$M$2:$M$1751,Piutang!$C$2:$C$1751,$A6,Piutang!$P$2:$P$1751,"61-90 hari") -> 0 | I6: =SUMIFS(Piutang!$M$2:$M$1751,Piutang!$C$2:$C$1751,$A6,Piutang!$P$2:$P$1751,"90+ hari") -> 1732600 | J6: =SUM(F6:I6) -> 4264800 | K6: =IF(D6=0,0,J6/D6) -> 0.080252303
A7: C084 | B7: =INDEX(Master_Customer!$B$2:$B$126,MATCH(A7,Master_Customer!$A$2:$A$126,0)) -> BINTANG OLI | C7: =INDEX(Master_Customer!$C$2:$C$126,MATCH(A7,Master_Customer!$A$2:$A$126,0)) -> 14 | D7: =SUM(E7:I7) -> 43609000 | E7: =SUMIFS(Piutang!$M$2:$M$1751,Piutang!$C$2:$C$1751,$A7,Piutang!$P$2:$P$1751,"Belum Jatuh Tempo") -> 22228000 | F7: =SUMIFS(Piutang!$M$2:$M$1751,Piutang!$C$2:$C$1751,$A7,Piutang!$P$2:$P$1751,"1-30 hari") -> 21381000 | G7: =SUMIFS(Piutang!$M$2:$M$1751,Piutang!$C$2:$C$1751,$A7,Piutang!$P$2:$P$1751,"31-60 hari") -> 0 | H7: =SUMIFS(Piutang!$M$2:$M$1751,Piutang!$C$2:$C$1751,$A7,Piutang!$P$2:$P$1751,"61-90 hari") -> 0 | I7: =SUMIFS(Piutang!$M$2:$M$1751,Piutang!$C$2:$C$1751,$A7,Piutang!$P$2:$P$1751,"90+ hari") -> 0 | J7: =SUM(F7:I7) -> 21381000 | K7: =IF(D7=0,0,J7/D7) -> 0.4902887
A8: C011 | B8: =INDEX(Master_Customer!$B$2:$B$126,MATCH(A8,Master_Customer!$A$2:$A$126,0)) -> LANCAR GARAGE UTAMA | C8: =INDEX(Master_Customer!$C$2:$C$126,MATCH(A8,Master_Customer!$A$2:$A$126,0)) -> 14 | D8: =SUM(E8:I8) -> 40914700 | E8: =SUMIFS(Piutang!$M$2:$M$1751,Piutang!$C$2:$C$1751,$A8,Piutang!$P$2:$P$1751,"Belum Jatuh Tempo") -> 6857200 | F8: =SUMIFS(Piutang!$M$2:$M$1751,Piutang!$C$2:$C$1751,$A8,Piutang!$P$2:$P$1751,"1-30 hari") -> 17519100 | G8: =SUMIFS(Piutang!$M$2:$M$1751,Piutang!$C$2:$C$1751,$A8,Piutang!$P$2:$P$1751,"31-60 hari") -> 16538400 | H8: =SUMIFS(Piutang!$M$2:$M$1751,Piutang!$C$2:$C$1751,$A8,Piutang!$P$2:$P$1751,"61-90 hari") -> 0 | I8: =SUMIFS(Piutang!$M$2:$M$1751,Piutang!$C$2:$C$1751,$A8,Piutang!$P$2:$P$1751,"90+ hari") -> 0 | J8: =SUM(F8:I8) -> 34057500 | K8: =IF(D8=0,0,J8/D8) -> 0.83240254
A9: C070 | B9: =INDEX(Master_Customer!$B$2:$B$126,MATCH(A9,Master_Customer!$A$2:$A$126,0)) -> HARAPAN MOTOR | C9: =INDEX(Master_Customer!$C$2:$C$126,MATCH(A9,Master_Customer!$A$2:$A$126,0)) -> 45 | D9: =SUM(E9:I9) -> 35866500 | E9: =SUMIFS(Piutang!$M$2:$M$1751,Piutang!$C$2:$C$1751,$A9,Piutang!$P$2:$P$1751,"Belum Jatuh Tempo") -> 24083500 | F9: =SUMIFS(Piutang!$M$2:$M$1751,Piutang!$C$2:$C$1751,$A9,Piutang!$P$2:$P$1751,"1-30 hari") -> 0 | G9: =SUMIFS(Piutang!$M$2:$M$1751,Piutang!$C$2:$C$1751,$A9,Piutang!$P$2:$P$1751,"31-60 hari") -> 0 | H9: =SUMIFS(Piutang!$M$2:$M$1751,Piutang!$C$2:$C$1751,$A9,Piutang!$P$2:$P$1751,"61-90 hari") -> 0 | I9: =SUMIFS(Piutang!$M$2:$M$1751,Piutang!$C$2:$C$1751,$A9,Piutang!$P$2:$P$1751,"90+ hari") -> 11783000 | J9: =SUM(F9:I9) -> 11783000 | K9: =IF(D9=0,0,J9/D9) -> 0.32852383
A10: C044 | B10: =INDEX(Master_Customer!$B$2:$B$126,MATCH(A10,Master_Customer!$A$2:$A$126,0)) -> ABADI AUTO UTAMA | C10: =INDEX(Master_Customer!$C$2:$C$126,MATCH(A10,Master_Customer!$A$2:$A$126,0)) -> 14 | D10: =SUM(E10:I10) -> 31764600 | E10: =SUMIFS(Piutang!$M$2:$M$1751,Piutang!$C$2:$C$1751,$A10,Piutang!$P$2:$P$1751,"Belum Jatuh Tempo") -> 5777200 | F10: =SUMIFS(Piutang!$M$2:$M$1751,Piutang!$C$2:$C$1751,$A10,Piutang!$P$2:$P$1751,"1-30 hari") -> 25987400 | G10: =SUMIFS(Piutang!$M$2:$M$1751,Piutang!$C$2:$C$1751,$A10,Piutang!$P$2:$P$1751,"31-60 hari") -> 0 | H10: =SUMIFS(Piutang!$M$2:$M$1751,Piutang!$C$2:$C$1751,$A10,Piutang!$P$2:$P$1751,"61-90 hari") -> 0 | I10: =SUMIFS(Piutang!$M$2:$M$1751,Piutang!$C$2:$C$1751,$A10,Piutang!$P$2:$P$1751,"90+ hari") -> 0 | J10: =SUM(F10:I10) -> 25987400 | K10: =IF(D10=0,0,J10/D10) -> 0.81812458
A11: C033 | B11: =INDEX(Master_Customer!$B$2:$B$126,MATCH(A11,Master_Customer!$A$2:$A$126,0)) -> CAHAYA OLI | C11: =INDEX(Master_Customer!$C$2:$C$126,MATCH(A11,Master_Customer!$A$2:$A$126,0)) -> 30 | D11: =SUM(E11:I11) -> 31585100 | E11: =SUMIFS(Piutang!$M$2:$M$1751,Piutang!$C$2:$C$1751,$A11,Piutang!$P$2:$P$1751,"Belum Jatuh Tempo") -> 20966300 | F11: =SUMIFS(Piutang!$M$2:$M$1751,Piutang!$C$2:$C$1751,$A11,Piutang!$P$2:$P$1751,"1-30 hari") -> 8670700 | G11: =SUMIFS(Piutang!$M$2:$M$1751,Piutang!$C$2:$C$1751,$A11,Piutang!$P$2:$P$1751,"31-60 hari") -> 0 | H11: =SUMIFS(Piutang!$M$2:$M$1751,Piutang!$C$2:$C$1751,$A11,Piutang!$P$2:$P$1751,"61-90 hari") -> 0 | I11: =SUMIFS(Piutang!$M$2:$M$1751,Piutang!$C$2:$C$1751,$A11,Piutang!$P$2:$P$1751,"90+ hari") -> 1948100 | J11: =SUM(F11:I11) -> 10618800 | K11: =IF(D11=0,0,J11/D11) -> 0.3361965
A12: C066 | B12: =INDEX(Master_Customer!$B$2:$B$126,MATCH(A12,Master_Customer!$A$2:$A$126,0)) -> SINAR GARAGE | C12: =INDEX(Master_Customer!$C$2:$C$126,MATCH(A12,Master_Customer!$A$2:$A$126,0)) -> 30 | D12: =SUM(E12:I12) -> 25292200 | E12: =SUMIFS(Piutang!$M$2:$M$1751,Piutang!$C$2:$C$1751,$A12,Piutang!$P$2:$P$1751,"Belum Jatuh Tempo") -> 23762500 | F12: =SUMIFS(Piutang!$M$2:$M$1751,Piutang!$C$2:$C$1751,$A12,Piutang!$P$2:$P$1751,"1-30 hari") -> 0 | G12: =SUMIFS(Piutang!$M$2:$M$1751,Piutang!$C$2:$C$1751,$A12,Piutang!$P$2:$P$1751,"31-60 hari") -> 0 | H12: =SUMIFS(Piutang!$M$2:$M$1751,Piutang!$C$2:$C$1751,$A12,Piutang!$P$2:$P$1751,"61-90 hari") -> 0 | I12: =SUMIFS(Piutang!$M$2:$M$1751,Piutang!$C$2:$C$1751,$A12,Piutang!$P$2:$P$1751,"90+ hari") -> 1529700 | J12: =SUM(F12:I12) -> 1529700 | K12: =IF(D12=0,0,J12/D12) -> 0.060481097
A13: C059 | B13: =INDEX(Master_Customer!$B$2:$B$126,MATCH(A13,Master_Customer!$A$2:$A$126,0)) -> MAKMUR AUTO HARAPAN | C13: =INDEX(Master_Customer!$C$2:$C$126,MATCH(A13,Master_Customer!$A$2:$A$126,0)) -> 30 | D13: =SUM(E13:I13) -> 22546700 | E13: =SUMIFS(Piutang!$M$2:$M$1751,Piutang!$C$2:$C$1751,$A13,Piutang!$P$2:$P$1751,"Belum Jatuh Tempo") -> 22546700 | F13: =SUMIFS(Piutang!$M$2:$M$1751,Piutang!$C$2:$C$1751,$A13,Piutang!$P$2:$P$1751,"1-30 hari") -> 0 | G13: =SUMIFS(Piutang!$M$2:$M$1751,Piutang!$C$2:$C$1751,$A13,Piutang!$P$2:$P$1751,"31-60 hari") -> 0 | H13: =SUMIFS(Piutang!$M$2:$M$1751,Piutang!$C$2:$C$1751,$A13,Piutang!$P$2:$P$1751,"61-90 hari") -> 0 | I13: =SUMIFS(Piutang!$M$2:$M$1751,Piutang!$C$2:$C$1751,$A13,Piutang!$P$2:$P$1751,"90+ hari") -> 0 | J13: =SUM(F13:I13) -> 0 | K13: =IF(D13=0,0,J13/D13) -> 0
... A126: C130 | B126: =INDEX(Master_Customer!$B$2:$B$126,MATCH(A126,Master_Customer!$A$2:$A$126,0)) -> BINTANG SERVICE MULIA | C126: =INDEX(Master_Customer!$C$2:$C$126,MATCH(A126,Master_Customer!$A$2:$A$126,0)) -> 30 | D126: =SUM(E126:I126) -> 0 | E126: =SUMIFS(Piutang!$M$2:$M$1751,Piutang!$C$2:$C$1751,$A126,Piutang!$P$2:$P$1751,"Belum Jatuh Tempo") -> 0 | F126: =SUMIFS(Piutang!$M$2:$M$1751,Piutang!$C$2:$C$1751,$A126,Piutang!$P$2:$P$1751,"1-30 hari") -> 0 | G126: =SUMIFS(Piutang!$M$2:$M$1751,Piutang!$C$2:$C$1751,$A126,Piutang!$P$2:$P$1751,"31-60 hari") -> 0 | H126: =SUMIFS(Piutang!$M$2:$M$1751,Piutang!$C$2:$C$1751,$A126,Piutang!$P$2:$P$1751,"61-90 hari") -> 0 | I126: =SUMIFS(Piutang!$M$2:$M$1751,Piutang!$C$2:$C$1751,$A126,Piutang!$P$2:$P$1751,"90+ hari") -> 0 | J126: =SUM(F126:I126) -> 0 | K126: =IF(D126=0,0,J126/D126) -> 0
A127: TOTAL | D127: =SUM(D2:D126) -> 1208549400 | E127: =SUM(E2:E126) -> 738129100 | F127: =SUM(F2:F126) -> 204807200 | G127: =SUM(G2:G126) -> 91756900 | H127: =SUM(H2:H126) -> 28989900 | I127: =SUM(I2:I126) -> 144866300 | J127: =SUM(J2:J126) -> 470420300 | K127: =IF(D127=0,0,J127/D127) -> 0.38924375

Sheet Master_Customer
A1: ID Customer | B1: Nama Customer | C1: Termin (hari) | E1: Termin 0 = tunai/COD. Ubah termin di kolom C, seluruh jatuh tempo & aging ikut berubah.
A2: C001 | B2: BINTANG SPAREPART BERKAH | C2: 14
A3: C002 | B3: SINAR SPAREPART | C3: 45
A4: C004 | B4: SINAR AUTO BERKAH | C4: 30
A5: C005 | B5: SURYA MOTOR | C5: 14
A6: C006 | B6: KARYA SERVICE | C6: 0
A7: C007 | B7: CAHAYA SERVICE BINTANG | C7: 30
A8: C008 | B8: SENTOSA SPAREPART | C8: 30
A9: C009 | B9: MITRA GARAGE MULIA | C9: 14
A10: C010 | B10: CAHAYA MOBIL | C10: 14
A11: C011 | B11: LANCAR GARAGE UTAMA | C11: 14
A12: C012 | B12: HARAPAN SPAREPART | C12: 45
A13: C013 | B13: BINTANG TEKNIK HARAPAN | C13: 14
... A126: C130 | B126: BINTANG SERVICE MULIA | C126: 30

Sheet Data_Penjualan
A1: No. Invoice | B1: Tanggal | C1: ID Customer | D1: Item | E1: Qty | F1: Unit | G1: Harga Jual (Rp)
A2: INV-0001 | B2: 45659 | C2: C049 | D2: Oli Gardan SAE 140 (12x0.8L) | E2: 1 | F2: DUS | G2: 542000
A3: INV-0001 | B3: 45659 | C3: C049 | D3: Coolant Radiator Hijau (12x1L) | E3: 2 | F3: DUS | G3: 842500
A4: INV-0001 | B4: 45659 | C4: C049 | D4: Oli Mesin Mobil Bensin SAE 10W-40 (6x1L) | E4: 2 | F4: DUS | G4: 1253600
A5: INV-0001 | B5: 45659 | C5: C049 | D5: Oli Hidrolik ISO 68 (1x200L) | E5: 1 | F5: DRUM | G5: 7313400
A6: INV-0002 | B6: 45659 | C6: C128 | D6: Oli Gardan SAE 90 (12x0.8L) | E6: 8 | F6: DUS | G6: 4042800
A7: INV-0002 | B7: 45659 | C7: C128 | D7: Oli Hidrolik ISO 68 (1x200L) | E7: 1 | F7: DRUM | G7: 7696200
A8: INV-0002 | B8: 45659 | C8: C128 | D8: Oli Hidrolik ISO 68 (1x20L) | E8: 3 | F8: PAIL | G8: 2482500
A9: INV-0003 | B9: 45660 | C9: C070 | D9: Coolant Radiator Hijau (12x1L) | E9: 3 | F9: DUS | G9: 1271400
A10: INV-0003 | B10: 45660 | C10: C070 | D10: Grease Multi Purpose (12x0.5kg) | E10: 5 | F10: DUS | G10: 3242200
A11: INV-0003 | B11: 45660 | C11: C070 | D11: Oli Mesin Motor 4T SAE 10W-40 (12x0.8L) | E11: 3 | F11: DUS | G11: 1279100
A12: INV-0003 | B12: 45660 | C12: C070 | D12: Oli Mesin Mobil Bensin SAE 10W-40 (6x1L) | E12: 7 | F12: DUS | G12: 4321600
A13: INV-0003 | B13: 45660 | C13: C070 | D13: Oli Mesin Diesel Heavy Duty SAE 40 (1x18L) | E13: 2 | F13: PAIL | G13: 2258900
... A5998: INV-1750 | B5998: 46022 | C5998: C073 | D5998: Oli Hidrolik ISO 68 (1x20L) | E5998: 5 | F5998: PAIL | G5998: 3921100

Sheet Catatan
A1: CATATAN & ASUMSI
A3: Tanggal laporan (as-of date) | B3: 46022 | C3: <- ubah tanggal ini untuk melihat aging pada tanggal lain
A5: SUMBER DATA
A6: Seluruh data pada file ini SINTETIS (fiktif) dan dibuat untuk keperluan portofolio: 5.997 baris item, 1.750 faktur, dan 125 customer tahun 2025 dihasilkan secara acak. Tidak berasal dari data perusahaan mana pun.
A7: Nama customer, nama produk (generik), salesman, nomor faktur, dan nominal adalah karangan. Kemiripan dengan pihak nyata hanyalah kebetulan.
A9: DATA SIMULASI (DUMMY)
A10: Termin pembayaran (0/14/30/45 hari), tanggal tukar faktur, jumlah & tanggal bayar, dan catatan penagihan adalah data simulasi, bukan data riil. Semuanya berwarna BIRU (input).
A11: Penjualan oleh salesman "KANTOR" diperlakukan sebagai penjualan tunai (termin 0).
A12: Kebiasaan bayar customer disimulasikan: sebagian disiplin, sebagian lambat, sebagian menunggak lama, agar aging terlihat realistis.
A14: WARNA & RUMUS
A15: Biru = input/data. Hitam = rumus. Semua kolom turunan (nominal faktur, jatuh tempo, sisa piutang, status, umur, aging) memakai rumus hidup.
A17: LOGIKA AGING
A18: Hari terlambat = tanggal laporan - jatuh tempo (jatuh tempo = tanggal faktur + termin). Kategori: Belum Jatuh Tempo, 1-30, 31-60, 61-90, 90+ hari. Faktur lunas tidak masuk aging.
A19: DSO (perkiraan) = total piutang / total penjualan x 365 hari.
... A24: LAPORAN: Laporan_Piutang (laporan piutang usaha siap cetak), Laporan_Faktur (rekap faktur), Cetak_Faktur (lembar faktur, pilih No. Faktur di sel kuning). Perusahaan pada Cetak_Faktur adalah nama contoh.
